"Serie","cvegeo","Entidad_federativa","Periodo","Educación_Básica|Primaria","Educación_Básica|Secundaria","Educación_Básica|Total","Educación_Media|Media_superior",
"Proporción_de_escuelas_con_acceso_a_internet_por_entidad_federativa_y_nivel_educativo",	00,"Estados_Unidos_Mexicanos","2024","46.6545694108945","56.2781607947451","49.5286268978543","56.8948797517455",
"Proporción_de_escuelas_con_acceso_a_internet_por_entidad_federativa_y_nivel_educativo",	01,"Aguascalientes","2024","93.8235294117647","96.7123287671233","94.8325358851675","57.0422535211268",
"Proporción_de_escuelas_con_acceso_a_internet_por_entidad_federativa_y_nivel_educativo",	02,"Baja_California","2024","87.5078468298807","90.2255639097744","88.3082373782108","83.3333333333333",
"Proporción_de_escuelas_con_acceso_a_internet_por_entidad_federativa_y_nivel_educativo",	03,"Baja_California_Sur","2024","79.4344473007712","73.2673267326733","77.326565143824","58.4905660377358",
"Proporción_de_escuelas_con_acceso_a_internet_por_entidad_federativa_y_nivel_educativo",	04,"Campeche","2024","67.8832116788321","67.1378091872791","67.6652892561983","72.9166666666667",
"Proporción_de_escuelas_con_acceso_a_internet_por_entidad_federativa_y_nivel_educativo",	05,"Coahuila_de_Zaragoza","2024","61.9207146845338","74.4444444444444","65.179677819083","37.2865275142315",
"Proporción_de_escuelas_con_acceso_a_internet_por_entidad_federativa_y_nivel_educativo",	06,"Colima","2024","69.4444444444444","72.2222222222222","70.2160493827161","53.1666666666667",
"Proporción_de_escuelas_con_acceso_a_internet_por_entidad_federativa_y_nivel_educativo",	07,"Chiapas","2024","14.949806949807","23.3430799220273","16.9696258942184","85.9083191850594",
"Proporción_de_escuelas_con_acceso_a_internet_por_entidad_federativa_y_nivel_educativo",	08,"Chihuahua","2024","43.3044911413267","53.030303030303","45.8447488584475","53.698224852071",
"Proporción_de_escuelas_con_acceso_a_internet_por_entidad_federativa_y_nivel_educativo",	09,"Ciudad_de_México","2024","75.4006968641115","85.2080123266564","78.4548944337812","53.7634408602151",
"Proporción_de_escuelas_con_acceso_a_internet_por_entidad_federativa_y_nivel_educativo",	10,"Durango","2024","38.3603238866397","45.8479532163743","40.6216884493112","53.3519553072626",
"Proporción_de_escuelas_con_acceso_a_internet_por_entidad_federativa_y_nivel_educativo",	11,"Guanajuato","2024","60.1445663010967","74.2759795570698","64.4552225879092","61.5838247683235",
"Proporción_de_escuelas_con_acceso_a_internet_por_entidad_federativa_y_nivel_educativo",	12,"Guerrero","2024","23.2363098174642","27.1095152603232","24.3668122270742","30.3529411764706",
"Proporción_de_escuelas_con_acceso_a_internet_por_entidad_federativa_y_nivel_educativo",	13,"Hidalgo","2024","38.495092693566","45.5857385398981","40.6210231611097","68.256880733945",
"Proporción_de_escuelas_con_acceso_a_internet_por_entidad_federativa_y_nivel_educativo",	14,"Jalisco","2024","89.2829606784888","91.3254310344828","89.8211243611584","75.2707581227437",
"Proporción_de_escuelas_con_acceso_a_internet_por_entidad_federativa_y_nivel_educativo",	15,"México","2024","51.2091416423067","65.1643690349947","55.8682952734997","62.3636363636364",
"Proporción_de_escuelas_con_acceso_a_internet_por_entidad_federativa_y_nivel_educativo",	16,"Michoacán_de_Ocampo","2024","32.3377739578857","37.7903327055869","33.7281895309749","53.8172715894869",
"Proporción_de_escuelas_con_acceso_a_internet_por_entidad_federativa_y_nivel_educativo",	17,"Morelos","2024","70.3269069572506","82.032667876588","74.0252293577982","64.5645645645646",
"Proporción_de_escuelas_con_acceso_a_internet_por_entidad_federativa_y_nivel_educativo",	18,"Nayarit","2024","50.4826254826255","51.8450184501845","50.9505703422053","38.3050847457627",
"Proporción_de_escuelas_con_acceso_a_internet_por_entidad_federativa_y_nivel_educativo",	19,"Nuevo_León","2024","46.5125240847784","65.2700186219739","52.0032706459526","68.1818181818182",
"Proporción_de_escuelas_con_acceso_a_internet_por_entidad_federativa_y_nivel_educativo",	20,"Oaxaca","2024","9.5736122284795","20.3807875378624","13.0028834271591","51.4357053682896",
"Proporción_de_escuelas_con_acceso_a_internet_por_entidad_federativa_y_nivel_educativo",	21,"Puebla","2024","39.662146086129","56.995976754582","45.6832298136646","42.8731762065095",
"Proporción_de_escuelas_con_acceso_a_internet_por_entidad_federativa_y_nivel_educativo",	22,"Querétaro","2024","86.0843819393042","92.3791821561338","87.8771836950768","75",
"Proporción_de_escuelas_con_acceso_a_internet_por_entidad_federativa_y_nivel_educativo",	23,"Quintana_Roo","2024","43.7428243398393","51.4018691588785","46.2663587374904","64.7651006711409",
"Proporción_de_escuelas_con_acceso_a_internet_por_entidad_federativa_y_nivel_educativo",	24,"San_Luis_Potosí","2024","36.7236024844721","37.6079734219269","37.0497427101201","73.7373737373737",
"Proporción_de_escuelas_con_acceso_a_internet_por_entidad_federativa_y_nivel_educativo",	25,"Sinaloa","2024","49.1236162361624","49.6071829405163","49.2644655116051","70.2317290552585",
"Proporción_de_escuelas_con_acceso_a_internet_por_entidad_federativa_y_nivel_educativo",	26,"Sonora","2024","78.1669585522475","82.0689655172414","79.3273174733388","77.8645833333333",
"Proporción_de_escuelas_con_acceso_a_internet_por_entidad_federativa_y_nivel_educativo",	27,"Tabasco","2024","19.284940411701","29.6598639455782","22.2394420767145","51.4824797843666",
"Proporción_de_escuelas_con_acceso_a_internet_por_entidad_federativa_y_nivel_educativo",	28,"Tamaulipas","2024","84.5909090909091","90.4040404040404","86.129679144385","70.9939148073022",
"Proporción_de_escuelas_con_acceso_a_internet_por_entidad_federativa_y_nivel_educativo",	29,"Tlaxcala","2024","68.4431977559607","77.158774373259","71.3619402985075","66.8103448275862",
"Proporción_de_escuelas_con_acceso_a_internet_por_entidad_federativa_y_nivel_educativo",	30,"Veracruz_de_Ignacio_de_la_Llave","2024","28.2588668816214","46.5522525283481","33.2552105130995","39.8009950248756",
"Proporción_de_escuelas_con_acceso_a_internet_por_entidad_federativa_y_nivel_educativo",	31,"Yucatán","2024","88.2903981264637","90.4273504273504","88.9603429796356","43.8972162740899",
"Proporción_de_escuelas_con_acceso_a_internet_por_entidad_federativa_y_nivel_educativo",	32,"Zacatecas","2024","55.9493670886076","55.1977920883165","55.6430446194226","61.8243243243243",
"Proporción_de_escuelas_con_acceso_a_internet_por_entidad_federativa_y_nivel_educativo",	00,"Estados_Unidos_Mexicanos","2023","43.9112647651974","53.9313008240637","46.8934144920028","54.0908432688131",
"Proporción_de_escuelas_con_acceso_a_internet_por_entidad_federativa_y_nivel_educativo",	01,"Aguascalientes","2023","91.5680473372781","92.5824175824176","91.9230769230769","56.401384083045",
"Proporción_de_escuelas_con_acceso_a_internet_por_entidad_federativa_y_nivel_educativo",	02,"Baja_California","2023","85.1385390428212","86.6868381240545","85.5935971542908","78.5166240409207",
"Proporción_de_escuelas_con_acceso_a_internet_por_entidad_federativa_y_nivel_educativo",	03,"Baja_California_Sur","2023","78.974358974359","70.1492537313433","75.9729272419628","48.7179487179487",
"Proporción_de_escuelas_con_acceso_a_internet_por_entidad_federativa_y_nivel_educativo",	04,"Campeche","2023","47.3837209302326","53.169014084507","49.0740740740741","59.0604026845638",
"Proporción_de_escuelas_con_acceso_a_internet_por_entidad_federativa_y_nivel_educativo",	05,"Coahuila_de_Zaragoza","2023","56.3687150837989","67.7215189873418","59.3311312964492","57.0579494799406",
"Proporción_de_escuelas_con_acceso_a_internet_por_entidad_federativa_y_nivel_educativo",	06,"Colima","2023","67.0995670995671","73.7430167597765","68.9547581903276","62.4338624338624",
"Proporción_de_escuelas_con_acceso_a_internet_por_entidad_federativa_y_nivel_educativo",	07,"Chiapas","2023","15.5302447283362","24.8773307163886","17.7621558289397","30.3738317757009",
"Proporción_de_escuelas_con_acceso_a_internet_por_entidad_federativa_y_nivel_educativo",	08,"Chihuahua","2023","44.4766239139429","52.0515826494725","46.4525993883792","54.6511627906977",
"Proporción_de_escuelas_con_acceso_a_internet_por_entidad_federativa_y_nivel_educativo",	09,"Ciudad_de_México","2023","78.7087912087912","86.1514919663351","81.014458402465","84.6026490066225",
"Proporción_de_escuelas_con_acceso_a_internet_por_entidad_federativa_y_nivel_educativo",	10,"Durango","2023","35.4031046569855","44.131455399061","38.013338013338","46.1756373937677",
"Proporción_de_escuelas_con_acceso_a_internet_por_entidad_federativa_y_nivel_educativo",	11,"Guanajuato","2023","58.909541511772","72.1590909090909","62.9335634167386","53.2834580216126",
"Proporción_de_escuelas_con_acceso_a_internet_por_entidad_federativa_y_nivel_educativo",	12,"Guerrero","2023","26.4843557526484","27.9376498800959","26.9076305220884","34.6244131455399",
"Proporción_de_escuelas_con_acceso_a_internet_por_entidad_federativa_y_nivel_educativo",	13,"Hidalgo","2023","33.7572674418605","41.7732310315431","36.1528662420382","72.7767695099818",
"Proporción_de_escuelas_con_acceso_a_internet_por_entidad_federativa_y_nivel_educativo",	14,"Jalisco","2023","91.7944785276074","92.2827846735024","91.9224784269345","79.982126899017",
"Proporción_de_escuelas_con_acceso_a_internet_por_entidad_federativa_y_nivel_educativo",	15,"México","2023","49.475640515067","64.6153846153846","54.5253472529417","57.4293527803099",
"Proporción_de_escuelas_con_acceso_a_internet_por_entidad_federativa_y_nivel_educativo",	16,"Michoacán_de_Ocampo","2023","30.5088354268682","41.8867924528302","33.3863527914745","51.3819095477387",
"Proporción_de_escuelas_con_acceso_a_internet_por_entidad_federativa_y_nivel_educativo",	17,"Morelos","2023","70.5685618729097","79.6703296703297","73.4213547646384","69.4864048338369",
"Proporción_de_escuelas_con_acceso_a_internet_por_entidad_federativa_y_nivel_educativo",	18,"Nayarit","2023","49.1346153846154","48.2439926062847","48.8298545224541","38.7417218543046",
"Proporción_de_escuelas_con_acceso_a_internet_por_entidad_federativa_y_nivel_educativo",	19,"Nuevo_León","2023","43.8051400076717","63.1336405529954","49.4853737811484","68.2624113475177",
"Proporción_de_escuelas_con_acceso_a_internet_por_entidad_federativa_y_nivel_educativo",	20,"Oaxaca","2023","10.3592814371257","21.705089169204","13.9280339307703","50.6234413965087",
"Proporción_de_escuelas_con_acceso_a_internet_por_entidad_federativa_y_nivel_educativo",	21,"Puebla","2023","36.5999046256557","53.2735426008969","42.3879202988792","42.3766816143498",
"Proporción_de_escuelas_con_acceso_a_internet_por_entidad_federativa_y_nivel_educativo",	22,"Querétaro","2023","41.9523099850969","75.992438563327","51.5766969535008","75.8409785932722",
"Proporción_de_escuelas_con_acceso_a_internet_por_entidad_federativa_y_nivel_educativo",	23,"Quintana_Roo","2023","45.9584295612009","50.5882352941176","47.4825716498838","59.7938144329897",
"Proporción_de_escuelas_con_acceso_a_internet_por_entidad_federativa_y_nivel_educativo",	24,"San_Luis_Potosí","2023","34.0829778984102","35.7285429141717","34.6888780009799","41.9161676646707",
"Proporción_de_escuelas_con_acceso_a_internet_por_entidad_federativa_y_nivel_educativo",	25,"Sinaloa","2023","44.4597701149425","47.7966101694915","45.4248366013072","65.5971479500891",
"Proporción_de_escuelas_con_acceso_a_internet_por_entidad_federativa_y_nivel_educativo",	26,"Sonora","2023","79.6992481203008","72.2145804676754","77.4837133550489","73.5064935064935",
"Proporción_de_escuelas_con_acceso_a_internet_por_entidad_federativa_y_nivel_educativo",	27,"Tabasco","2023","19.7950377562028","32.3809523809524","23.3680957898803","45.7765667574932",
"Proporción_de_escuelas_con_acceso_a_internet_por_entidad_federativa_y_nivel_educativo",	28,"Tamaulipas","2023","52.1896162528217","62.6429479034308","54.9300466355763","71.6",
"Proporción_de_escuelas_con_acceso_a_internet_por_entidad_federativa_y_nivel_educativo",	29,"Tlaxcala","2023","64.3758765778401","72.9050279329609","67.2268907563025","67.5213675213675",
"Proporción_de_escuelas_con_acceso_a_internet_por_entidad_federativa_y_nivel_educativo",	30,"Veracruz_de_Ignacio_de_la_Llave","2023","25.4121987778162","41.979102642901","29.9320868617423","37.4033149171271",
"Proporción_de_escuelas_con_acceso_a_internet_por_entidad_federativa_y_nivel_educativo",	31,"Yucatán","2023","77.7431906614786","74.3589743589744","76.6844919786096","32.3340471092077",
"Proporción_de_escuelas_con_acceso_a_internet_por_entidad_federativa_y_nivel_educativo",	32,"Zacatecas","2023","53.3375314861461","56.0730593607306","54.4539694371972","50.6666666666667",
"Proporción_de_escuelas_con_acceso_a_internet_por_entidad_federativa_y_nivel_educativo",	00,"Estados_Unidos_Mexicanos","2022","38.0543732770453","47.5141443682182","40.8617501054476","52.5507009008141",
"Proporción_de_escuelas_con_acceso_a_internet_por_entidad_federativa_y_nivel_educativo",	01,"Aguascalientes","2022","88.9543446244477","89.4444444444444","89.1241578440808","55.4054054054054",
"Proporción_de_escuelas_con_acceso_a_internet_por_entidad_federativa_y_nivel_educativo",	02,"Baja_California","2022","79.0800252047889","82.5757575757576","80.1068090787717","76.4411027568922",
"Proporción_de_escuelas_con_acceso_a_internet_por_entidad_federativa_y_nivel_educativo",	03,"Baja_California_Sur","2022","62.7848101265823","63.9175257731959","63.1578947368421","49.0445859872611",
"Proporción_de_escuelas_con_acceso_a_internet_por_entidad_federativa_y_nivel_educativo",	04,"Campeche","2022","42.5872093023256","52.1276595744681","45.360824742268","57.4324324324324",
"Proporción_de_escuelas_con_acceso_a_internet_por_entidad_federativa_y_nivel_educativo",	05,"Coahuila_de_Zaragoza","2022","48.7941671340437","56.7567567567568","50.8706467661692","55.2552552552553",
"Proporción_de_escuelas_con_acceso_a_internet_por_entidad_federativa_y_nivel_educativo",	06,"Colima","2022","51.1930585683297","57.4712643678161","52.9133858267717","61.2903225806452",
"Proporción_de_escuelas_con_acceso_a_internet_por_entidad_federativa_y_nivel_educativo",	07,"Chiapas","2022","11.4237392373924","18.860510805501","13.1967213114754","24.7871333964049",
"Proporción_de_escuelas_con_acceso_a_internet_por_entidad_federativa_y_nivel_educativo",	08,"Chihuahua","2022","39.3077873918418","49.232585596222","41.8753817959682","52.8145695364238",
"Proporción_de_escuelas_con_acceso_a_internet_por_entidad_federativa_y_nivel_educativo",	09,"Ciudad_de_México","2022","82.260810350698","85.7469512195122","83.3372558249","83.4983498349835",
"Proporción_de_escuelas_con_acceso_a_internet_por_entidad_federativa_y_nivel_educativo",	10,"Durango","2022","27.4567901234568","32.903981264637","29.0725946509205","46.045197740113",
"Proporción_de_escuelas_con_acceso_a_internet_por_entidad_federativa_y_nivel_educativo",	11,"Guanajuato","2022","51.0022271714922","67.4233825198638","55.9882819231432","53.2297628781684",
"Proporción_de_escuelas_con_acceso_a_internet_por_entidad_federativa_y_nivel_educativo",	12,"Guerrero","2022","21.6122650840752","21.5874924834636","21.6050464342036","31.1398354876616",
"Proporción_de_escuelas_con_acceso_a_internet_por_entidad_federativa_y_nivel_educativo",	13,"Hidalgo","2022","28.3080260303688","37.4468085106383","31.0327328089317","71.2727272727273",
"Proporción_de_escuelas_con_acceso_a_internet_por_entidad_federativa_y_nivel_educativo",	14,"Jalisco","2022","78.3250287466462","81.2330989724175","79.0858921748974","78.4888888888889",
"Proporción_de_escuelas_con_acceso_a_internet_por_entidad_federativa_y_nivel_educativo",	15,"México","2022","43.7956204379562","58.8172898435428","48.8059437466832","56.4610535794687",
"Proporción_de_escuelas_con_acceso_a_internet_por_entidad_federativa_y_nivel_educativo",	16,"Michoacán_de_Ocampo","2022","27.128116938951","33.7579617834395","28.8010286081646","50.253164556962",
"Proporción_de_escuelas_con_acceso_a_internet_por_entidad_federativa_y_nivel_educativo",	17,"Morelos","2022","63.8190954773869","75.5064456721915","67.4726540011514","66.8693009118541",
"Proporción_de_escuelas_con_acceso_a_internet_por_entidad_federativa_y_nivel_educativo",	18,"Nayarit","2022","41.5869980879541","40.1473296500921","41.0950283196979","35.6435643564356",
"Proporción_de_escuelas_con_acceso_a_internet_por_entidad_federativa_y_nivel_educativo",	19,"Nuevo_León","2022","40.4036557501904","58.6936522539098","45.7581470509022","68.0555555555556",
"Proporción_de_escuelas_con_acceso_a_internet_por_entidad_federativa_y_nivel_educativo",	20,"Oaxaca","2022","7.7385892116183","15.5013799448022","10.151558478696","48.7623762376238",
"Proporción_de_escuelas_con_acceso_a_internet_por_entidad_federativa_y_nivel_educativo",	21,"Puebla","2022","32.0781696854147","48.9198919891989","37.9090059208476","41.1600669269381",
"Proporción_de_escuelas_con_acceso_a_internet_por_entidad_federativa_y_nivel_educativo",	22,"Querétaro","2022","41.0620792819746","68.4615384615385","48.7345180398492","74.8447204968944",
"Proporción_de_escuelas_con_acceso_a_internet_por_entidad_federativa_y_nivel_educativo",	23,"Quintana_Roo","2022","41.0404624277457","47.9905437352246","43.3229813664596","59.106529209622",
"Proporción_de_escuelas_con_acceso_a_internet_por_entidad_federativa_y_nivel_educativo",	24,"San_Luis_Potosí","2022","29.2248062015504","30.0731869594145","29.5371050698016","40.2366863905325",
"Proporción_de_escuelas_con_acceso_a_internet_por_entidad_federativa_y_nivel_educativo",	25,"Sinaloa","2022","35.2806937471474","41.1896745230079","36.9889682024659","64.2984014209592",
"Proporción_de_escuelas_con_acceso_a_internet_por_entidad_federativa_y_nivel_educativo",	26,"Sonora","2022","66.9540229885057","61.6551724137931","65.395537525355","70.6666666666667",
"Proporción_de_escuelas_con_acceso_a_internet_por_entidad_federativa_y_nivel_educativo",	27,"Tabasco","2022","13.2439678284182","23.6413043478261","16.1860822760477","44.5652173913044",
"Proporción_de_escuelas_con_acceso_a_internet_por_entidad_federativa_y_nivel_educativo",	28,"Tamaulipas","2022","44.04869251578","59.4110115236876","48.0493497832611","68.3168316831683",
"Proporción_de_escuelas_con_acceso_a_internet_por_entidad_federativa_y_nivel_educativo",	29,"Tlaxcala","2022","59.3006993006993","65.6424581005587","61.4165890027959","72.0379146919431",
"Proporción_de_escuelas_con_acceso_a_internet_por_entidad_federativa_y_nivel_educativo",	30,"Veracruz_de_Ignacio_de_la_Llave","2022","20.511344005528","33.3128645993245","24.0033500837521","35.4132457580733",
"Proporción_de_escuelas_con_acceso_a_internet_por_entidad_federativa_y_nivel_educativo",	31,"Yucatán","2022","54.7934528448948","58.603066439523","55.9893048128342","33.9285714285714",
"Proporción_de_escuelas_con_acceso_a_internet_por_entidad_federativa_y_nivel_educativo",	32,"Zacatecas","2022","46.6791979949875","48.0436760691538","47.2356215213358","49.3333333333333",
"Proporción_de_escuelas_con_acceso_a_internet_por_entidad_federativa_y_nivel_educativo",	00,"Estados_Unidos_Mexicanos","2021","29.550851951765","40.5460115986432","32.8107511881782","51.632672603658",
"Proporción_de_escuelas_con_acceso_a_internet_por_entidad_federativa_y_nivel_educativo",	01,"Aguascalientes","2021","82.6470588235294","84.5730027548209","83.3173537871524","57.0945945945946",
"Proporción_de_escuelas_con_acceso_a_internet_por_entidad_federativa_y_nivel_educativo",	02,"Baja_California","2021","74.9214330609679","80.3921568627451","76.530612244898","69.0647482014388",
"Proporción_de_escuelas_con_acceso_a_internet_por_entidad_federativa_y_nivel_educativo",	03,"Baja_California_Sur","2021","39.8496240601504","56.701030927835","45.362563237774","47.1337579617834",
"Proporción_de_escuelas_con_acceso_a_internet_por_entidad_federativa_y_nivel_educativo",	04,"Campeche","2021","18.8133140376266","29.0780141843972","21.7882836587873","66.2251655629139",
"Proporción_de_escuelas_con_acceso_a_internet_por_entidad_federativa_y_nivel_educativo",	05,"Coahuila_de_Zaragoza","2021","34.21200224341","56.5768621236133","40.0579950289975","52.4229074889868",
"Proporción_de_escuelas_con_acceso_a_internet_por_entidad_federativa_y_nivel_educativo",	06,"Colima","2021","41.0480349344978","53.757225433526","44.5324881141046","55.9139784946237",
"Proporción_de_escuelas_con_acceso_a_internet_por_entidad_federativa_y_nivel_educativo",	07,"Chiapas","2021","5.5299539170507","13.3726647000983","7.3970037453184","25.7142857142857",
"Proporción_de_escuelas_con_acceso_a_internet_por_entidad_federativa_y_nivel_educativo",	08,"Chihuahua","2021","34.5208845208845","43.9716312056738","36.9525547445255","49.5098039215686",
"Proporción_de_escuelas_con_acceso_a_internet_por_entidad_federativa_y_nivel_educativo",	09,"Ciudad_de_México","2021","58.9424048501179","71.6577540106952","62.8330995792426","73.8211382113821",
"Proporción_de_escuelas_con_acceso_a_internet_por_entidad_federativa_y_nivel_educativo",	10,"Durango","2021","21.1642821904292","26.9729093050648","22.8789986091794","50.2857142857143",
"Proporción_de_escuelas_con_acceso_a_internet_por_entidad_federativa_y_nivel_educativo",	11,"Guanajuato","2021","43.2445759368836","58.603066439523","47.8941034897714","66.0225442834139",
"Proporción_de_escuelas_con_acceso_a_internet_por_entidad_federativa_y_nivel_educativo",	12,"Guerrero","2021","11.372064276885","16.6364186327889","12.8992628992629","31.2796208530806",
"Proporción_de_escuelas_con_acceso_a_internet_por_entidad_federativa_y_nivel_educativo",	13,"Hidalgo","2021","22.9543808834178","34.1296928327645","26.2836807320793","65.5797101449275",
"Proporción_de_escuelas_con_acceso_a_internet_por_entidad_federativa_y_nivel_educativo",	14,"Jalisco","2021","58.3937428462419","67.6041103299081","60.7953744182767","57.7292576419214",
"Proporción_de_escuelas_con_acceso_a_internet_por_entidad_federativa_y_nivel_educativo",	15,"México","2021","39.0062441875913","52.4341580207502","43.4786461102251","50.4888888888889",
"Proporción_de_escuelas_con_acceso_a_internet_por_entidad_federativa_y_nivel_educativo",	16,"Michoacán_de_Ocampo","2021","18.5555797259082","25.3683536194747","20.2825592724911","56.1855670103093",
"Proporción_de_escuelas_con_acceso_a_internet_por_entidad_federativa_y_nivel_educativo",	17,"Morelos","2021","58.3333333333333","67.6579925650558","61.2398609501738","71.9879518072289",
"Proporción_de_escuelas_con_acceso_a_internet_por_entidad_federativa_y_nivel_educativo",	18,"Nayarit","2021","25.6015399422522","31.5196998123827","27.6081424936387","39.7435897435897",
"Proporción_de_escuelas_con_acceso_a_internet_por_entidad_federativa_y_nivel_educativo",	19,"Nuevo_León","2021","27.0547945205479","47.36355226642","32.9738473982205","53.0224525043178",
"Proporción_de_escuelas_con_acceso_a_internet_por_entidad_federativa_y_nivel_educativo",	20,"Oaxaca","2021","6.0732113144759","14.816472694718","8.8469184890656","52.5529265255293",
"Proporción_de_escuelas_con_acceso_a_internet_por_entidad_federativa_y_nivel_educativo",	21,"Puebla","2021","27.6600809331112","42.285200179937","32.7210460772105","45.4395604395604",
"Proporción_de_escuelas_con_acceso_a_internet_por_entidad_federativa_y_nivel_educativo",	22,"Querétaro","2021","41.0082768999248","53.4749034749035","44.5046020573904","71.8849840255591",
"Proporción_de_escuelas_con_acceso_a_internet_por_entidad_federativa_y_nivel_educativo",	23,"Quintana_Roo","2021","29.5560747663551","44.0758293838863","34.3505477308294","53.6585365853659",
"Proporción_de_escuelas_con_acceso_a_internet_por_entidad_federativa_y_nivel_educativo",	24,"San_Luis_Potosí","2021","24.0168003054601","26.8974700399467","25.0667313758796","46.5483234714004",
"Proporción_de_escuelas_con_acceso_a_internet_por_entidad_federativa_y_nivel_educativo",	25,"Sinaloa","2021","24.0054869684499","35.3603603603604","27.2845528455285","56.8383658969805",
"Proporción_de_escuelas_con_acceso_a_internet_por_entidad_federativa_y_nivel_educativo",	26,"Sonora","2021","47.4857142857143","53.9310344827586","49.3737373737374","60.7894736842105",
"Proporción_de_escuelas_con_acceso_a_internet_por_entidad_federativa_y_nivel_educativo",	27,"Tabasco","2021","10.5516871987145","20.4359673024523","13.3410226835832","39.2953929539295",
"Proporción_de_escuelas_con_acceso_a_internet_por_entidad_federativa_y_nivel_educativo",	28,"Tamaulipas","2021","41.8961625282167","56.6796368352789","45.7133288680509","63.5643564356436",
"Proporción_de_escuelas_con_acceso_a_internet_por_entidad_federativa_y_nivel_educativo",	29,"Tlaxcala","2021","46.0893854748603","55.9322033898305","49.3457943925234","68.780487804878",
"Proporción_de_escuelas_con_acceso_a_internet_por_entidad_federativa_y_nivel_educativo",	30,"Veracruz_de_Ignacio_de_la_Llave","2021","14.6754143646409","27.6465173366063","18.2137775173684","40.8074195308238",
"Proporción_de_escuelas_con_acceso_a_internet_por_entidad_federativa_y_nivel_educativo",	31,"Yucatán","2021","41.3145539906103","50.2564102564103","44.122383252818","39.0728476821192",
"Proporción_de_escuelas_con_acceso_a_internet_por_entidad_federativa_y_nivel_educativo",	32,"Zacatecas","2021","34.3161856963614","31.0091743119266","32.973174366617","64.1196013289037",
"Proporción_de_escuelas_con_acceso_a_internet_por_entidad_federativa_y_nivel_educativo",	00,"Estados_Unidos_Mexicanos","2020","32.3568682520316","44.0798663416505","35.8257219038974","52.5091916153369",
"Proporción_de_escuelas_con_acceso_a_internet_por_entidad_federativa_y_nivel_educativo",	01,"Aguascalientes","2020","74.6666666666667","79.108635097493","76.2088974854932","56.8627450980392",
"Proporción_de_escuelas_con_acceso_a_internet_por_entidad_federativa_y_nivel_educativo",	02,"Baja_California","2020","80.3884711779449","82.2995461422088","80.9481612760301","67.0560747663551",
"Proporción_de_escuelas_con_acceso_a_internet_por_entidad_federativa_y_nivel_educativo",	03,"Baja_California_Sur","2020","58.7939698492462","63.4020618556701","60.3040540540541","53.1645569620253",
"Proporción_de_escuelas_con_acceso_a_internet_por_entidad_federativa_y_nivel_educativo",	04,"Campeche","2020","24.8185776487663","35","27.7605779153767","71.6216216216216",
"Proporción_de_escuelas_con_acceso_a_internet_por_entidad_federativa_y_nivel_educativo",	05,"Coahuila_de_Zaragoza","2020","42.8651685393258","58.2802547770701","46.8853820598007","51.994301994302",
"Proporción_de_escuelas_con_acceso_a_internet_por_entidad_federativa_y_nivel_educativo",	06,"Colima","2020","60.8315098468271","62.2093023255814","61.20826709062","57.6086956521739",
"Proporción_de_escuelas_con_acceso_a_internet_por_entidad_federativa_y_nivel_educativo",	07,"Chiapas","2020","7.7561050529873","19.6737518536826","10.5812045933911","28.3269961977186",
"Proporción_de_escuelas_con_acceso_a_internet_por_entidad_federativa_y_nivel_educativo",	08,"Chihuahua","2020","37.315875613748","45.5082742316785","39.4224924012158","52.2950819672131",
"Proporción_de_escuelas_con_acceso_a_internet_por_entidad_federativa_y_nivel_educativo",	09,"Ciudad_de_México","2020","71.8187874750166","86.222558667676","76.2202174415915","73.5449735449735",
"Proporción_de_escuelas_con_acceso_a_internet_por_entidad_federativa_y_nivel_educativo",	10,"Durango","2020","24.6937775600196","31.8343195266272","26.7844767844768","53.125",
"Proporción_de_escuelas_con_acceso_a_internet_por_entidad_federativa_y_nivel_educativo",	11,"Guanajuato","2020","37.5554460325283","58.4090909090909","43.8638707459608","65.4545454545455",
"Proporción_de_escuelas_con_acceso_a_internet_por_entidad_federativa_y_nivel_educativo",	12,"Guerrero","2020","18.5011130348751","23.7339841366687","20.0105596620908","33.6904761904762",
"Proporción_de_escuelas_con_acceso_a_internet_por_entidad_federativa_y_nivel_educativo",	13,"Hidalgo","2020","33.5623869801085","43.1506849315069","36.4098652428172","68.4782608695652",
"Proporción_de_escuelas_con_acceso_a_internet_por_entidad_federativa_y_nivel_educativo",	14,"Jalisco","2020","38.9291158536585","58.982683982684","44.151634723788","57.9447322970639",
"Proporción_de_escuelas_con_acceso_a_internet_por_entidad_federativa_y_nivel_educativo",	15,"México","2020","44.712750431206","58.861096327834","49.4200973882249","49.933598937583",
"Proporción_de_escuelas_con_acceso_a_internet_por_entidad_federativa_y_nivel_educativo",	16,"Michoacán_de_Ocampo","2020","21.9315456725529","30.2295918367347","24.0454914703493","55.919395465995",
"Proporción_de_escuelas_con_acceso_a_internet_por_entidad_federativa_y_nivel_educativo",	17,"Morelos","2020","61.6093880972339","79.0654205607477","67.0138888888889","72.700296735905",
"Proporción_de_escuelas_con_acceso_a_internet_por_entidad_federativa_y_nivel_educativo",	18,"Nayarit","2020","37.7669902912621","38.6915887850467","38.0830670926518","40.6940063091483",
"Proporción_de_escuelas_con_acceso_a_internet_por_entidad_federativa_y_nivel_educativo",	19,"Nuevo_León","2020","0.1898253606682","0","0.1346619983841","52.7638190954774",
"Proporción_de_escuelas_con_acceso_a_internet_por_entidad_federativa_y_nivel_educativo",	20,"Oaxaca","2020","9.8672114402452","18.8308790718429","12.6821748878924","57.3033707865169",
"Proporción_de_escuelas_con_acceso_a_internet_por_entidad_federativa_y_nivel_educativo",	21,"Puebla","2020","28.8256227758007","45.936237090256","34.7407637379696","46.9713656387665",
"Proporción_de_escuelas_con_acceso_a_internet_por_entidad_federativa_y_nivel_educativo",	22,"Querétaro","2020","47.3724295506474","57.6171875","50.2465753424658","70.4545454545455",
"Proporción_de_escuelas_con_acceso_a_internet_por_entidad_federativa_y_nivel_educativo",	23,"Quintana_Roo","2020","40.3301886792453","51.3317191283293","43.9333862014274","55.5555555555556",
"Proporción_de_escuelas_con_acceso_a_internet_por_entidad_federativa_y_nivel_educativo",	24,"San_Luis_Potosí","2020","28.4788410217308","29.8934753661784","28.9939393939394","45.7425742574257",
"Proporción_de_escuelas_con_acceso_a_internet_por_entidad_federativa_y_nivel_educativo",	25,"Sinaloa","2020","36.5428702430078","43.9411098527746","38.6749347258486","54.5454545454545",
"Proporción_de_escuelas_con_acceso_a_internet_por_entidad_federativa_y_nivel_educativo",	26,"Sonora","2020","60.958904109589","69.3165969316597","63.3859862292426","60.8695652173913",
"Proporción_de_escuelas_con_acceso_a_internet_por_entidad_federativa_y_nivel_educativo",	27,"Tabasco","2020","14.5221569674319","25.2374491180461","17.5478927203065","40.9703504043127",
"Proporción_de_escuelas_con_acceso_a_internet_por_entidad_federativa_y_nivel_educativo",	28,"Tamaulipas","2020","50.2252252252252","64.5833333333333","53.9156626506024","66.3366336633663",
"Proporción_de_escuelas_con_acceso_a_internet_por_entidad_federativa_y_nivel_educativo",	29,"Tlaxcala","2020","60.196905766526","71.5099715099715","63.9359698681733","68.9655172413793",
"Proporción_de_escuelas_con_acceso_a_internet_por_entidad_federativa_y_nivel_educativo",	30,"Veracruz_de_Ignacio_de_la_Llave","2020","20.5272852866682","35.0581751377832","24.4979919678715","42.8726287262873",
"Proporción_de_escuelas_con_acceso_a_internet_por_entidad_federativa_y_nivel_educativo",	31,"Yucatán","2020","45.9247648902821","47.7508650519031","46.4940668824164","38.9380530973451",
"Proporción_de_escuelas_con_acceso_a_internet_por_entidad_federativa_y_nivel_educativo",	32,"Zacatecas","2020","37.2573575453976","37.739288969918","37.4536005939124","64.026402640264",
"Proporción_de_escuelas_con_acceso_a_internet_por_entidad_federativa_y_nivel_educativo",	00,"Estados_Unidos_Mexicanos","2019","36.162124292228","47.8988828809047","39.6244595229227","54.3450372974771",
"Proporción_de_escuelas_con_acceso_a_internet_por_entidad_federativa_y_nivel_educativo",	01,"Aguascalientes","2019","70.1492537313433","77.2727272727273","72.6027397260274","56.7656765676568",
"Proporción_de_escuelas_con_acceso_a_internet_por_entidad_federativa_y_nivel_educativo",	02,"Baja_California","2019","81.6645807259074","82.0512820512821","81.7779743476338","78.0373831775701",
"Proporción_de_escuelas_con_acceso_a_internet_por_entidad_federativa_y_nivel_educativo",	03,"Baja_California_Sur","2019","57.9345088161209","65.8031088082902","60.5084745762712","50.6410256410256",
"Proporción_de_escuelas_con_acceso_a_internet_por_entidad_federativa_y_nivel_educativo",	04,"Campeche","2019","32.9462989840348","40.2877697841727","35.0568769389866","62.1621621621622",
"Proporción_de_escuelas_con_acceso_a_internet_por_entidad_federativa_y_nivel_educativo",	05,"Coahuila_de_Zaragoza","2019","48.3689538807649","60","51.3940907199334","58.2152974504249",
"Proporción_de_escuelas_con_acceso_a_internet_por_entidad_federativa_y_nivel_educativo",	06,"Colima","2019","61.283185840708","61.271676300578","61.28","60",
"Proporción_de_escuelas_con_acceso_a_internet_por_entidad_federativa_y_nivel_educativo",	07,"Chiapas","2019","9.5304080061586","23.5675137020428","12.8440366972477","26.3849765258216",
"Proporción_de_escuelas_con_acceso_a_internet_por_entidad_federativa_y_nivel_educativo",	08,"Chihuahua","2019","37.708927843457","43.3136094674556","39.1449363250455","53.2679738562092",
"Proporción_de_escuelas_con_acceso_a_internet_por_entidad_federativa_y_nivel_educativo",	09,"Ciudad_de_México","2019","73.4935791899901","84.4477836213373","76.8315018315018","84.748427672956",
"Proporción_de_escuelas_con_acceso_a_internet_por_entidad_federativa_y_nivel_educativo",	10,"Durango","2019","25","32.0710059171598","27.0596346087556","46.4788732394366",
"Proporción_de_escuelas_con_acceso_a_internet_por_entidad_federativa_y_nivel_educativo",	11,"Guanajuato","2019","39.5234586096782","62.8766344513928","46.5694682675815","55.4588607594937",
"Proporción_de_escuelas_con_acceso_a_internet_por_entidad_federativa_y_nivel_educativo",	12,"Guerrero","2019","21.218123297846","26.4579496623696","22.7240649258998","31.6167664670659",
"Proporción_de_escuelas_con_acceso_a_internet_por_entidad_federativa_y_nivel_educativo",	13,"Hidalgo","2019","34.7262247838617","43.1389365351629","37.2146118721461","71.841155234657",
"Proporción_de_escuelas_con_acceso_a_internet_por_entidad_federativa_y_nivel_educativo",	14,"Jalisco","2019","45.4493634809044","60.5191995673337","49.367266591676","83.276740237691",
"Proporción_de_escuelas_con_acceso_a_internet_por_entidad_federativa_y_nivel_educativo",	15,"México","2019","47.7627746889065","62.6534970635344","52.6991150442478","57.736516357206",
"Proporción_de_escuelas_con_acceso_a_internet_por_entidad_federativa_y_nivel_educativo",	16,"Michoacán_de_Ocampo","2019","23.4861591695502","30.6854580397181","25.3031527890057","50.4563233376793",
"Proporción_de_escuelas_con_acceso_a_internet_por_entidad_federativa_y_nivel_educativo",	17,"Morelos","2019","65.4197838736492","78.8888888888889","69.5926563396443","69.164265129683",
"Proporción_de_escuelas_con_acceso_a_internet_por_entidad_federativa_y_nivel_educativo",	18,"Nayarit","2019","38.3186705767351","41.9962335216573","39.5752895752896","42.0245398773006",
"Proporción_de_escuelas_con_acceso_a_internet_por_entidad_federativa_y_nivel_educativo",	19,"Nuevo_León","2019","48.4457922668688","62.6991565135895","52.5506072874494","70.6467661691542",
"Proporción_de_escuelas_con_acceso_a_internet_por_entidad_federativa_y_nivel_educativo",	20,"Oaxaca","2019","10.7208494996937","19.5894689870593","13.5051835247969","47.8643216080402",
"Proporción_de_escuelas_con_acceso_a_internet_por_entidad_federativa_y_nivel_educativo",	21,"Puebla","2019","29.8245614035088","49.3483146067416","36.5668167002949","43.6373566357182",
"Proporción_de_escuelas_con_acceso_a_internet_por_entidad_federativa_y_nivel_educativo",	22,"Querétaro","2019","41.2260536398467","56.8273092369478","45.5352190793123","73.8255033557047",
"Proporción_de_escuelas_con_acceso_a_internet_por_entidad_federativa_y_nivel_educativo",	23,"Quintana_Roo","2019","51.0538641686183","59.9022004889976","53.9192399049881","60.2787456445993",
"Proporción_de_escuelas_con_acceso_a_internet_por_entidad_federativa_y_nivel_educativo",	24,"San_Luis_Potosí","2019","29.5238095238095","30.3251493032515","29.8160696999032","40.6311637080868",
"Proporción_de_escuelas_con_acceso_a_internet_por_entidad_federativa_y_nivel_educativo",	25,"Sinaloa","2019","38.0712979890311","45.8850056369786","40.3252032520325","65.4121863799283",
"Proporción_de_escuelas_con_acceso_a_internet_por_entidad_federativa_y_nivel_educativo",	26,"Sonora","2019","66.3445139283684","73.0446927374302","68.2828282828283","73.6",
"Proporción_de_escuelas_con_acceso_a_internet_por_entidad_federativa_y_nivel_educativo",	27,"Tabasco","2019","18.2978723404255","28.1980742778542","21.0586881472957","43.8692098092643",
"Proporción_de_escuelas_con_acceso_a_internet_por_entidad_federativa_y_nivel_educativo",	28,"Tamaulipas","2019","51.307484220018","64.6675358539765","54.7403685092127","72.1074380165289",
"Proporción_de_escuelas_con_acceso_a_internet_por_entidad_federativa_y_nivel_educativo",	29,"Tlaxcala","2019","64.6976090014065","72.7793696275072","67.3584905660377","72.6829268292683",
"Proporción_de_escuelas_con_acceso_a_internet_por_entidad_federativa_y_nivel_educativo",	30,"Veracruz_de_Ignacio_de_la_Llave","2019","23.718316320679","37.7294981640147","27.5381663468758","37.5675675675676",
"Proporción_de_escuelas_con_acceso_a_internet_por_entidad_federativa_y_nivel_educativo",	31,"Yucatán","2019","51.953125","51.2027491408935","51.71858216971","34.5814977973568",
"Proporción_de_escuelas_con_acceso_a_internet_por_entidad_federativa_y_nivel_educativo",	32,"Zacatecas","2019","40.4627892432771","40.1093892433911","40.3189910979228","51.3333333333333",
"Proporción_de_escuelas_con_acceso_a_internet_por_entidad_federativa_y_nivel_educativo",	00,"Estados_Unidos_Mexicanos","2018","38.2921848469552","49.9420689655172","41.7140680960021","50.2855782960495",
"Proporción_de_escuelas_con_acceso_a_internet_por_entidad_federativa_y_nivel_educativo",	01,"Aguascalientes","2018","69.1154422788606","74.5714285714286","70.9931170108161","53.921568627451",
"Proporción_de_escuelas_con_acceso_a_internet_por_entidad_federativa_y_nivel_educativo",	02,"Baja_California","2018","79.1353383458647","79.2424242424242","79.1666666666667","76.4568764568765",
"Proporción_de_escuelas_con_acceso_a_internet_por_entidad_federativa_y_nivel_educativo",	03,"Baja_California_Sur","2018","61.734693877551","66.6666666666667","63.3561643835616","44.5161290322581",
"Proporción_de_escuelas_con_acceso_a_internet_por_entidad_federativa_y_nivel_educativo",	04,"Campeche","2018","45.3623188405797","47.841726618705","46.0743801652893","61.8055555555556",
"Proporción_de_escuelas_con_acceso_a_internet_por_entidad_federativa_y_nivel_educativo",	05,"Coahuila_de_Zaragoza","2018","54.8223350253807","60.4200323101777","56.2709030100334","55.8533145275035",
"Proporción_de_escuelas_con_acceso_a_internet_por_entidad_federativa_y_nivel_educativo",	06,"Colima","2018","60.0877192982456","59.0643274853801","59.8086124401914","56.9948186528497",
"Proporción_de_escuelas_con_acceso_a_internet_por_entidad_federativa_y_nivel_educativo",	07,"Chiapas","2018","12.8113879003559","32.6406487582362","17.4490279753438","20.8842897460019",
"Proporción_de_escuelas_con_acceso_a_internet_por_entidad_federativa_y_nivel_educativo",	08,"Chihuahua","2018","45.7654723127036","50.1783590963139","46.8911131331514","45.9069020866774",
"Proporción_de_escuelas_con_acceso_a_internet_por_entidad_federativa_y_nivel_educativo",	09,"Ciudad_de_México","2018","81.8745917700849","90.5435591958302","84.5175936435868","84.7692307692308",
"Proporción_de_escuelas_con_acceso_a_internet_por_entidad_federativa_y_nivel_educativo",	10,"Durango","2018","26.8613138686131","35.7311320754717","29.4522907337237","43.9093484419263",
"Proporción_de_escuelas_con_acceso_a_internet_por_entidad_federativa_y_nivel_educativo",	11,"Guanajuato","2018","39.2031480570585","60.6285714285714","45.6499312242091","53.5177865612648",
"Proporción_de_escuelas_con_acceso_a_internet_por_entidad_federativa_y_nivel_educativo",	12,"Guerrero","2018","21.9985085756898","34.1402855369336","25.4703585374512","28.2112845138055",
"Proporción_de_escuelas_con_acceso_a_internet_por_entidad_federativa_y_nivel_educativo",	13,"Hidalgo","2018","29.5577130528587","39.8625429553265","32.5982256020279","58.018018018018",
"Proporción_de_escuelas_con_acceso_a_internet_por_entidad_federativa_y_nivel_educativo",	14,"Jalisco","2018","49.4215816423288","63.562091503268","53.0735687157125","61.7472434266327",
"Proporción_de_escuelas_con_acceso_a_internet_por_entidad_federativa_y_nivel_educativo",	15,"México","2018","54.9011805279215","69.0718884120172","59.5899529599716","55.8045719408337",
"Proporción_de_escuelas_con_acceso_a_internet_por_entidad_federativa_y_nivel_educativo",	16,"Michoacán_de_Ocampo","2018","21.4650766609881","26.9157694743509","22.8366533864542","48.2535575679172",
"Proporción_de_escuelas_con_acceso_a_internet_por_entidad_federativa_y_nivel_educativo",	17,"Morelos","2018","66.69449081803","81.25","71.1471610660487","63.7119113573407",
"Proporción_de_escuelas_con_acceso_a_internet_por_entidad_federativa_y_nivel_educativo",	18,"Nayarit","2018","36.7546432062561","34.3396226415094","35.9304571796523","41.358024691358",
"Proporción_de_escuelas_con_acceso_a_internet_por_entidad_federativa_y_nivel_educativo",	19,"Nuevo_León","2018","48.8248673237301","64.0267175572519","53.1470428648942","70.3703703703704",
"Proporción_de_escuelas_con_acceso_a_internet_por_entidad_federativa_y_nivel_educativo",	20,"Oaxaca","2018","11.9910877050841","21.4317474433081","14.9457278040635","42.3707440100883",
"Proporción_de_escuelas_con_acceso_a_internet_por_entidad_federativa_y_nivel_educativo",	21,"Puebla","2018","29.7310051911279","47.1331828442438","35.7043235704324","39.1639163916392",
"Proporción_de_escuelas_con_acceso_a_internet_por_entidad_federativa_y_nivel_educativo",	22,"Querétaro","2018","40.8602150537634","56.9979716024341","45.2924791086351","72.0136518771331",
"Proporción_de_escuelas_con_acceso_a_internet_por_entidad_federativa_y_nivel_educativo",	23,"Quintana_Roo","2018","52.5700934579439","55.5555555555556","53.5143769968051","58.3333333333333",
"Proporción_de_escuelas_con_acceso_a_internet_por_entidad_federativa_y_nivel_educativo",	24,"San_Luis_Potosí","2018","26.9025875190259","31.7008603573792","28.6542643150519","40.8644400785855",
"Proporción_de_escuelas_con_acceso_a_internet_por_entidad_federativa_y_nivel_educativo",	25,"Sinaloa","2018","40.5343159834178","45.0980392156863","41.8367346938776","64.8312611012433",
"Proporción_de_escuelas_con_acceso_a_internet_por_entidad_federativa_y_nivel_educativo",	26,"Sonora","2018","75.2424415288078","76.2857142857143","75.5401549123522","76.3736263736264",
"Proporción_de_escuelas_con_acceso_a_internet_por_entidad_federativa_y_nivel_educativo",	27,"Tabasco","2018","19.0904283447911","30.7053941908714","22.3029839326702","41.8478260869565",
"Proporción_de_escuelas_con_acceso_a_internet_por_entidad_federativa_y_nivel_educativo",	28,"Tamaulipas","2018","52.6032315978456","63.2894736842105","55.3212851405622","69.1983122362869",
"Proporción_de_escuelas_con_acceso_a_internet_por_entidad_federativa_y_nivel_educativo",	29,"Tlaxcala","2018","68.0613668061367","73.9255014326648","69.9812382739212","67.7884615384615",
"Proporción_de_escuelas_con_acceso_a_internet_por_entidad_federativa_y_nivel_educativo",	30,"Veracruz_de_Ignacio_de_la_Llave","2018","25","41.158443150475","29.4014525419484","33.9168490153173",
"Proporción_de_escuelas_con_acceso_a_internet_por_entidad_federativa_y_nivel_educativo",	31,"Yucatán","2018","57.2769953051643","57.0190641247834","57.1967654986523","34.4370860927152",
"Proporción_de_escuelas_con_acceso_a_internet_por_entidad_federativa_y_nivel_educativo",	32,"Zacatecas","2018","40.6991260923845","37.431693989071","39.3703703703704","48.3108108108108",
