"Serie","cvegeo","Entidad_federativa","Periodo","Ocupación_carcelaria_estatal|Total_Estatal","Ocupación_carcelaria_estatal|Centros_penitenciarios_estatales","Ocupación_carcelaria_estatal|Centros_de_internamiento_para_adolescentes_estatales",
"Tasa_de_ocupación_carcelaria_estatal",	00,"Estados_Unidos_Mexicanos","2024","106.982789352769","109.547436015232","24.1009567799406",
"Tasa_de_ocupación_carcelaria_estatal",	01,"Aguascalientes","2024","102.217841301134","106.09057782405","33.3333333333333",
"Tasa_de_ocupación_carcelaria_estatal",	02,"Baja_California","2024","85.1601913123239","86.5018756698821","25.3731343283582",
"Tasa_de_ocupación_carcelaria_estatal",	03,"Baja_California_Sur","2024","68.8524590163934","72.6146220570012","4.2553191489362",
"Tasa_de_ocupación_carcelaria_estatal",	04,"Campeche","2024","55.0161812297735","57.0145903479237","5.5555555555556",
"Tasa_de_ocupación_carcelaria_estatal",	05,"Coahuila_de_Zaragoza","2024","125.885193133047","127.826564215148","41.6666666666667",
"Tasa_de_ocupación_carcelaria_estatal",	06,"Colima","2024","39.2317380352645","40.4241435562806","6.3063063063063",
"Tasa_de_ocupación_carcelaria_estatal",	07,"Chiapas","2024","116.503691877869","119.760479041916","22.6190476190476",
"Tasa_de_ocupación_carcelaria_estatal",	08,"Chihuahua","2024","105.835080363382","111.787355607999","16.2616822429907",
"Tasa_de_ocupación_carcelaria_estatal",	09,"Ciudad_de_México","2024","87.8119100737944","88.8575310964775","18.6635944700461",
"Tasa_de_ocupación_carcelaria_estatal",	10,"Durango","2024","168.919968919969","189.063180827887","3.2258064516129",
"Tasa_de_ocupación_carcelaria_estatal",	11,"Guanajuato","2024","90.3308981521272","94.1149977480859","11.5625",
"Tasa_de_ocupación_carcelaria_estatal",	12,"Guerrero","2024","101.525730540471","104.114346780657","23.3870967741935",
"Tasa_de_ocupación_carcelaria_estatal",	13,"Hidalgo","2024","129.736328125","131.789892954942","25.3164556962025",
"Tasa_de_ocupación_carcelaria_estatal",	14,"Jalisco","2024","94.4704779756326","95.6830321211678","13.2352941176471",
"Tasa_de_ocupación_carcelaria_estatal",	15,"México","2024","238.775782658034","245.16953249085","53.6",
"Tasa_de_ocupación_carcelaria_estatal",	16,"Michoacán_de_Ocampo","2024","79.9517781796263","80.3473824851209","27.4193548387097",
"Tasa_de_ocupación_carcelaria_estatal",	17,"Morelos","2024","140.0439238653","145.092735703246","49.3055555555556",
"Tasa_de_ocupación_carcelaria_estatal",	18,"Nayarit","2024","238.782051282051","250.590219224283","12.9032258064516",
"Tasa_de_ocupación_carcelaria_estatal",	19,"Nuevo_León","2024","98.7826575522053","99.0299491429648","55.7377049180328",
"Tasa_de_ocupación_carcelaria_estatal",	20,"Oaxaca","2024","88.3817427385892","90.6606463878327","14.6153846153846",
"Tasa_de_ocupación_carcelaria_estatal",	21,"Puebla","2024","96.4942226890756","96.7001055966209","57.5",
"Tasa_de_ocupación_carcelaria_estatal",	22,"Querétaro","2024","88.1193693693694","89.7776494369044","23.5955056179775",
"Tasa_de_ocupación_carcelaria_estatal",	23,"Quintana_Roo","2024","136.127886323268","140.630797773655","35",
"Tasa_de_ocupación_carcelaria_estatal",	24,"San_Luis_Potosí","2024","94.980694980695","98.2137357560825","7.5",
"Tasa_de_ocupación_carcelaria_estatal",	25,"Sinaloa","2024","59.3179567001556","61.1216591207828","3.1818181818182",
"Tasa_de_ocupación_carcelaria_estatal",	26,"Sonora","2024","140.26972672424","145.49323985979","50.5376344086022",
"Tasa_de_ocupación_carcelaria_estatal",	27,"Tabasco","2024","112.543092018032","114.950711938664","38.655462184874",
"Tasa_de_ocupación_carcelaria_estatal",	28,"Tamaulipas","2024","62.0006291286568","64.5002461841457","4.5283018867925",
"Tasa_de_ocupación_carcelaria_estatal",	29,"Tlaxcala","2024","88.5690093141406","95.8753437213566","0",
"Tasa_de_ocupación_carcelaria_estatal",	30,"Veracruz_de_Ignacio_de_la_Llave","2024","108.997592193638","111.750098026402","21.25",
"Tasa_de_ocupación_carcelaria_estatal",	31,"Yucatán","2024","57.8271759549155","61.9532044760936","8.1632653061225",
"Tasa_de_ocupación_carcelaria_estatal",	32,"Zacatecas","2024","99.0591924735398","101.661129568106","55.2447552447552",
"Tasa_de_ocupación_carcelaria_estatal",	00,"Estados_Unidos_Mexicanos","2023","105.889423076923","108.640952121115","20.3807390817469",
"Tasa_de_ocupación_carcelaria_estatal",	01,"Aguascalientes","2023","102.562838836865","106.611140031234","30.5555555555556",
"Tasa_de_ocupación_carcelaria_estatal",	02,"Baja_California","2023","86.788966609476","89.7147558968733","11.9298245614035",
"Tasa_de_ocupación_carcelaria_estatal",	03,"Baja_California_Sur","2023","64.1158221302999","67.2826086956522","2.1276595744681",
"Tasa_de_ocupación_carcelaria_estatal",	04,"Campeche","2023","54.3149946062567","56.1728395061728","8.3333333333333",
"Tasa_de_ocupación_carcelaria_estatal",	05,"Coahuila_de_Zaragoza","2023","134.315531000614","137.08254568368","29.7619047619048",
"Tasa_de_ocupación_carcelaria_estatal",	06,"Colima","2023","34.2833425567239","35.0842135312589","9.009009009009",
"Tasa_de_ocupación_carcelaria_estatal",	07,"Chiapas","2023","109.239672720016","112.347718356391","19.6428571428571",
"Tasa_de_ocupación_carcelaria_estatal",	08,"Chihuahua","2023","107.021051393626","112.013914772021","18.5022026431718",
"Tasa_de_ocupación_carcelaria_estatal",	09,"Ciudad_de_México","2023","85.9685193299403","86.9896738015455","15.3664302600473",
"Tasa_de_ocupación_carcelaria_estatal",	10,"Durango","2023","158.158508158508","176.906318082789","3.9426523297491",
"Tasa_de_ocupación_carcelaria_estatal",	11,"Guanajuato","2023","97.7998794454491","102.042431918936","14.0625",
"Tasa_de_ocupación_carcelaria_estatal",	12,"Guerrero","2023","104.420176807072","107.066093498119","25",
"Tasa_de_ocupación_carcelaria_estatal",	13,"Hidalgo","2023","124.136241117373","126.011994002998","29.1139240506329",
"Tasa_de_ocupación_carcelaria_estatal",	14,"Jalisco","2023","96.1009009009009","97.3520591032112","12.2549019607843",
"Tasa_de_ocupación_carcelaria_estatal",	15,"México","2023","236.81035060669","243.746965388083","36.8",
"Tasa_de_ocupación_carcelaria_estatal",	16,"Michoacán_de_Ocampo","2023","79.5057263411694","79.9101178185352","25.8064516129032",
"Tasa_de_ocupación_carcelaria_estatal",	17,"Morelos","2023","144.013181984621","149.362195593351","47.9166666666667",
"Tasa_de_ocupación_carcelaria_estatal",	18,"Nayarit","2023","213.541666666667","223.777403035413","17.741935483871",
"Tasa_de_ocupación_carcelaria_estatal",	19,"Nuevo_León","2023","103.204476093591","103.552052410687","47.5409836065574",
"Tasa_de_ocupación_carcelaria_estatal",	20,"Oaxaca","2023","85.8522344486863","87.8556557945871","19.2307692307692",
"Tasa_de_ocupación_carcelaria_estatal",	21,"Puebla","2023","111.473253434668","111.775948250515","60",
"Tasa_de_ocupación_carcelaria_estatal",	22,"Querétaro","2023","85.670045045045","87.3520069304072","20.2247191011236",
"Tasa_de_ocupación_carcelaria_estatal",	23,"Quintana_Roo","2023","131.154529307282","136.029684601113","21.6666666666667",
"Tasa_de_ocupación_carcelaria_estatal",	24,"San_Luis_Potosí","2023","83.8271946829133","86.5368089372673","5",
"Tasa_de_ocupación_carcelaria_estatal",	25,"Sinaloa","2023","60.2321140002938","62.1679064824655","2.2727272727273",
"Tasa_de_ocupación_carcelaria_estatal",	26,"Sonora","2023","129.026944346394","134.65197796695","41.0958904109589",
"Tasa_de_ocupación_carcelaria_estatal",	27,"Tabasco","2023","108.936621585786","111.801752464403","21.0084033613445",
"Tasa_de_ocupación_carcelaria_estatal",	28,"Tamaulipas","2023","63.3459238275102","65.8893085892593","4.9056603773585",
"Tasa_de_ocupación_carcelaria_estatal",	29,"Tlaxcala","2023","87.3835732430144","94.5004582951421","1.1111111111111",
"Tasa_de_ocupación_carcelaria_estatal",	30,"Veracruz_de_Ignacio_de_la_Llave","2023","101.163236609996","103.824343927206","17.0833333333333",
"Tasa_de_ocupación_carcelaria_estatal",	31,"Yucatán","2023","54.5084533500313","58.460495083079","6.9387755102041",
"Tasa_de_ocupación_carcelaria_estatal",	32,"Zacatecas","2023","94.3943551548412","96.1378737541528","65.034965034965",
"Tasa_de_ocupación_carcelaria_estatal",	00,"Estados_Unidos_Mexicanos","2022","106.966474358643","110.192498192819","19.1163604549431",
"Tasa_de_ocupación_carcelaria_estatal",	01,"Aguascalientes","2022","109.067882472138","113.076098606645","39.8148148148148",
"Tasa_de_ocupación_carcelaria_estatal",	02,"Baja_California","2022","86.6437904183714","89.529621503017","12.8070175438597",
"Tasa_de_ocupación_carcelaria_estatal",	03,"Baja_California_Sur","2022","66.2310507056979","69.4887300714678","3.1914893617021",
"Tasa_de_ocupación_carcelaria_estatal",	04,"Campeche","2022","58.0366774541532","60.2132435465769","4.1666666666667",
"Tasa_de_ocupación_carcelaria_estatal",	05,"Coahuila_de_Zaragoza","2022","139.350064350064","142.261904761905","34.5238095238095",
"Tasa_de_ocupación_carcelaria_estatal",	06,"Colima","2022","33.5915882678473","34.4847273765344","5.4054054054054",
"Tasa_de_ocupación_carcelaria_estatal",	07,"Chiapas","2022","98.5631610456995","101.404088374974","16.6666666666667",
"Tasa_de_ocupación_carcelaria_estatal",	08,"Chihuahua","2022","105.221778925135","110.405271009448","17.9916317991632",
"Tasa_de_ocupación_carcelaria_estatal",	09,"Ciudad_de_México","2022","90.7709282460137","92.3155105448474","12.9798903107861",
"Tasa_de_ocupación_carcelaria_estatal",	10,"Durango","2022","151.010101010101","168.845315904139","4.3010752688172",
"Tasa_de_ocupación_carcelaria_estatal",	11,"Guanajuato","2022","114.315253698107","118.958611481976","20",
"Tasa_de_ocupación_carcelaria_estatal",	12,"Guerrero","2022","105.267254800208","107.882037533512","26.6129032258064",
"Tasa_de_ocupación_carcelaria_estatal",	13,"Hidalgo","2022","98.6844809866393","100","20",
"Tasa_de_ocupación_carcelaria_estatal",	14,"Jalisco","2022","92.3443672524179","95.1734327728136","6.6098081023454",
"Tasa_de_ocupación_carcelaria_estatal",	15,"México","2022","242.043714325491","249.509591807298","35",
"Tasa_de_ocupación_carcelaria_estatal",	16,"Michoacán_de_Ocampo","2022","114.505572262515","118.768436578171","13.5371179039301",
"Tasa_de_ocupación_carcelaria_estatal",	17,"Morelos","2022","139.78731206454","144.870305845916","48.6111111111111",
"Tasa_de_ocupación_carcelaria_estatal",	18,"Nayarit","2022","191.746794871795","200.505902192243","24.1935483870968",
"Tasa_de_ocupación_carcelaria_estatal",	19,"Nuevo_León","2022","106.347645580684","107.378769468684","13",
"Tasa_de_ocupación_carcelaria_estatal",	20,"Oaxaca","2022","87.2481684981685","89.4525719679094","15.3846153846154",
"Tasa_de_ocupación_carcelaria_estatal",	21,"Puebla","2022","140.804597701149","142.440385591071","33.3333333333333",
"Tasa_de_ocupación_carcelaria_estatal",	22,"Querétaro","2022","85.3040540540541","86.8033496967947","26.9662921348315",
"Tasa_de_ocupación_carcelaria_estatal",	23,"Quintana_Roo","2022","131.311475409836","136.896551724138","23.3333333333333",
"Tasa_de_ocupación_carcelaria_estatal",	24,"San_Luis_Potosí","2022","71.118530884808","73.2872769142199","8.3333333333333",
"Tasa_de_ocupación_carcelaria_estatal",	25,"Sinaloa","2022","59.3642117376295","61.2448009506833","1.8181818181818",
"Tasa_de_ocupación_carcelaria_estatal",	26,"Sonora","2022","124.561196842973","129.707060590886","42.5149700598802",
"Tasa_de_ocupación_carcelaria_estatal",	27,"Tabasco","2022","121.691858923362","125.191675794085","14.2857142857143",
"Tasa_de_ocupación_carcelaria_estatal",	28,"Tamaulipas","2022","57.1751093551573","59.1908531222515","5.2830188679245",
"Tasa_de_ocupación_carcelaria_estatal",	29,"Tlaxcala","2022","80.77900084674","87.0760769935839","4.4444444444444",
"Tasa_de_ocupación_carcelaria_estatal",	30,"Veracruz_de_Ignacio_de_la_Llave","2022","93.3529336571648","96.0305947514176","8.75",
"Tasa_de_ocupación_carcelaria_estatal",	31,"Yucatán","2022","48.6850344395742","51.881993896236","10.2040816326531",
"Tasa_de_ocupación_carcelaria_estatal",	32,"Zacatecas","2022","98.0838323353293","99.2796610169491","78.6206896551724",
"Tasa_de_ocupación_carcelaria_estatal",	00,"Estados_Unidos_Mexicanos","2021","106.686991976027","109.792010385957","20.8345797188154",
"Tasa_de_ocupación_carcelaria_estatal",	01,"Aguascalientes","2021","105.30612244898","109.125269978402","39.8148148148148",
"Tasa_de_ocupación_carcelaria_estatal",	02,"Baja_California","2021","79.976602425959","81.5807733552009","14.4329896907216",
"Tasa_de_ocupación_carcelaria_estatal",	03,"Baja_California_Sur","2021","62.962962962963","66.0177975528365","3.2608695652174",
"Tasa_de_ocupación_carcelaria_estatal",	04,"Campeche","2021","64.2934196332255","66.4983164983165","9.7222222222222",
"Tasa_de_ocupación_carcelaria_estatal",	05,"Coahuila_de_Zaragoza","2021","117.62860727729","119.458762886598","50",
"Tasa_de_ocupación_carcelaria_estatal",	06,"Colima","2021","33.6675461741425","34.6017939657516","2.7027027027027",
"Tasa_de_ocupación_carcelaria_estatal",	07,"Chiapas","2021","92.8895911514912","96.7995044393971","6.8181818181818",
"Tasa_de_ocupación_carcelaria_estatal",	08,"Chihuahua","2021","116.837862436614","123.556357579123","17.4537987679671",
"Tasa_de_ocupación_carcelaria_estatal",	09,"Ciudad_de_México","2021","92.3660299062746","93.4044792914443","21.7283950617284",
"Tasa_de_ocupación_carcelaria_estatal",	10,"Durango","2021","155.380989787903","173.974415527128","4.3010752688172",
"Tasa_de_ocupación_carcelaria_estatal",	11,"Guanajuato","2021","114.594168636722","119.454545454545","14.9152542372881",
"Tasa_de_ocupación_carcelaria_estatal",	12,"Guerrero","2021","113.141195134849","115.910333515582","31.4516129032258",
"Tasa_de_ocupación_carcelaria_estatal",	13,"Hidalgo","2021","115.789473684211","117.52808988764","28.75",
"Tasa_de_ocupación_carcelaria_estatal",	14,"Jalisco","2021","96.4319453528087","99.6388805296419","5.543710021322",
"Tasa_de_ocupación_carcelaria_estatal",	15,"México","2021","237.171098426841","244.353093898745","38",
"Tasa_de_ocupación_carcelaria_estatal",	16,"Michoacán_de_Ocampo","2021","105.911243641466","111.227876106195","1.8050541516246",
"Tasa_de_ocupación_carcelaria_estatal",	17,"Morelos","2021","141.694169416942","146.264034068912","59.7222222222222",
"Tasa_de_ocupación_carcelaria_estatal",	18,"Nayarit","2021","171.646586345382","179.628064243449","19.3548387096774",
"Tasa_de_ocupación_carcelaria_estatal",	19,"Nuevo_León","2021","103.139823808448","104.270666361346","20.8333333333333",
"Tasa_de_ocupación_carcelaria_estatal",	20,"Oaxaca","2021","104.053373615307","105.552699228792","32.9268292682927",
"Tasa_de_ocupación_carcelaria_estatal",	21,"Puebla","2021","143.340691685063","147.869101978691","11.1111111111111",
"Tasa_de_ocupación_carcelaria_estatal",	22,"Querétaro","2021","82.9954954954955","84.2622004042737","33.7078651685393",
"Tasa_de_ocupación_carcelaria_estatal",	23,"Quintana_Roo","2021","121.844262295082","127.284482758621","16.6666666666667",
"Tasa_de_ocupación_carcelaria_estatal",	24,"San_Luis_Potosí","2021","71.2854757929883","73.2297063903281","15",
"Tasa_de_ocupación_carcelaria_estatal",	25,"Sinaloa","2021","64.1111923920995","66.1375661375661","3.1818181818182",
"Tasa_de_ocupación_carcelaria_estatal",	26,"Sonora","2021","119.967016138532","124.349023535303","50.0998003992016",
"Tasa_de_ocupación_carcelaria_estatal",	27,"Tabasco","2021","117.31636170777","120.317634173056","25.2100840336134",
"Tasa_de_ocupación_carcelaria_estatal",	28,"Tamaulipas","2021","57.41498518414","59.3960715332747","6.4150943396226",
"Tasa_de_ocupación_carcelaria_estatal",	29,"Tlaxcala","2021","85.4656222802437","92.4457034938621","3.3333333333333",
"Tasa_de_ocupación_carcelaria_estatal",	30,"Veracruz_de_Ignacio_de_la_Llave","2021","94.7601092185672","97.4634277278218","10.8333333333333",
"Tasa_de_ocupación_carcelaria_estatal",	31,"Yucatán","2021","43.7382592360676","46.6598847066802","8.5714285714286",
"Tasa_de_ocupación_carcelaria_estatal",	32,"Zacatecas","2021","92.3974407226195","92.7207637231504","86.7132867132867",
"Tasa_de_ocupación_carcelaria_estatal",	00,"Estados_Unidos_Mexicanos","2020","101.512056855839","104.596650787557","19.8425196850394",
"Tasa_de_ocupación_carcelaria_estatal",	01,"Aguascalientes","2020","89.1836734693878","92.8185745140389","26.8518518518519",
"Tasa_de_ocupación_carcelaria_estatal",	02,"Baja_California","2020","76.0594885436189","77.5954930972575","12.1134020618557",
"Tasa_de_ocupación_carcelaria_estatal",	03,"Baja_California_Sur","2020","61.5922538999462","64.6458923512748","4.2553191489362",
"Tasa_de_ocupación_carcelaria_estatal",	04,"Campeche","2020","66.4252457320228","71.4927048260381","6.6225165562914",
"Tasa_de_ocupación_carcelaria_estatal",	05,"Coahuila_de_Zaragoza","2020","96.8632371392723","98.034793814433","53.5714285714286",
"Tasa_de_ocupación_carcelaria_estatal",	06,"Colima","2020","34.9076517150396","35.8521337319924","3.6036036036036",
"Tasa_de_ocupación_carcelaria_estatal",	07,"Chiapas","2020","86.3364810175371","94.6318692976872","4.2016806722689",
"Tasa_de_ocupación_carcelaria_estatal",	08,"Chihuahua","2020","98.7801746276322","104.128503075871","16.0676532769556",
"Tasa_de_ocupación_carcelaria_estatal",	09,"Ciudad_de_México","2020","93.9364670530157","94.9145159533921","27.4074074074074",
"Tasa_de_ocupación_carcelaria_estatal",	10,"Durango","2020","155.838815789474","166.740185266873","6.0606060606061",
"Tasa_de_ocupación_carcelaria_estatal",	11,"Guanajuato","2020","105.721040189125","110.528925619835","7.1186440677966",
"Tasa_de_ocupación_carcelaria_estatal",	12,"Guerrero","2020","108.331210191083","110.681399631676","36.2903225806452",
"Tasa_de_ocupación_carcelaria_estatal",	13,"Hidalgo","2020","124.427054220235","127.113283496262","31",
"Tasa_de_ocupación_carcelaria_estatal",	14,"Jalisco","2020","97.0641668483395","100.17303641288","8.955223880597",
"Tasa_de_ocupación_carcelaria_estatal",	15,"México","2020","225.81512373337","232.56229028343","36.8",
"Tasa_de_ocupación_carcelaria_estatal",	16,"Michoacán_de_Ocampo","2020","103.046751882332","108.462389380531","0.6968641114983",
"Tasa_de_ocupación_carcelaria_estatal",	17,"Morelos","2020","119.851517107812","122.444143534191","66.6666666666667",
"Tasa_de_ocupación_carcelaria_estatal",	18,"Nayarit","2020","168.141592920354","175.570583262891","21.6666666666667",
"Tasa_de_ocupación_carcelaria_estatal",	19,"Nuevo_León","2020","91.3598373616445","92.2143347836043","29.1666666666667",
"Tasa_de_ocupación_carcelaria_estatal",	20,"Oaxaca","2020","91.4560161779575","93.8413361169102","17.741935483871",
"Tasa_de_ocupación_carcelaria_estatal",	21,"Puebla","2020","139.710571498651","144.063926940639","12.5925925925926",
"Tasa_de_ocupación_carcelaria_estatal",	22,"Querétaro","2020","81.1936936936937","82.5873520069304","26.9662921348315",
"Tasa_de_ocupación_carcelaria_estatal",	23,"Quintana_Roo","2020","110.848678943155","115.853658536585","11.6666666666667",
"Tasa_de_ocupación_carcelaria_estatal",	24,"San_Luis_Potosí","2020","73.9844184752365","75.993091537133","15.8333333333333",
"Tasa_de_ocupación_carcelaria_estatal",	25,"Sinaloa","2020","65.1135701805475","67.132972322503","4.0909090909091",
"Tasa_de_ocupación_carcelaria_estatal",	26,"Sonora","2020","104.149523921476","107.886830245368","46.6281310211946",
"Tasa_de_ocupación_carcelaria_estatal",	27,"Tabasco","2020","111.137629276054","113.718510405257","31.9327731092437",
"Tasa_de_ocupación_carcelaria_estatal",	28,"Tamaulipas","2020","56.1309439819388","57.7836411609499","13.5849056603774",
"Tasa_de_ocupación_carcelaria_estatal",	29,"Tlaxcala","2020","77.5456919060052","84.0415486307838","1.1111111111111",
"Tasa_de_ocupación_carcelaria_estatal",	30,"Veracruz_de_Ignacio_de_la_Llave","2020","86.4422690089849","89.0674795621449","7.5",
"Tasa_de_ocupación_carcelaria_estatal",	31,"Yucatán","2020","42.7676894176581","45.5747711088505","8.9795918367347",
"Tasa_de_ocupación_carcelaria_estatal",	32,"Zacatecas","2020","89.913995308835","91.2142561127228","68.2758620689655",
"Tasa_de_ocupación_carcelaria_estatal",	00,"Estados_Unidos_Mexicanos","2019","93.7206048622333","96.5471767903379","20.0167738328208",
"Tasa_de_ocupación_carcelaria_estatal",	01,"Aguascalientes","2019","78.7046123650638","81.0362694300518","37.037037037037",
"Tasa_de_ocupación_carcelaria_estatal",	02,"Baja_California","2019","70.6996033177064","72.91627762216","8.5514834205934",
"Tasa_de_ocupación_carcelaria_estatal",	03,"Baja_California_Sur","2019","60.3110888108379","63.6749867233139","2.7272727272727",
"Tasa_de_ocupación_carcelaria_estatal",	04,"Campeche","2019","65.3388515261252","70.1459034792368","8.6092715231788",
"Tasa_de_ocupación_carcelaria_estatal",	05,"Coahuila_de_Zaragoza","2019","67.2835633626098","67.4291237113402","61.9047619047619",
"Tasa_de_ocupación_carcelaria_estatal",	06,"Colima","2019","37.0976253298153","38.0538189725469","5.4054054054054",
"Tasa_de_ocupación_carcelaria_estatal",	07,"Chiapas","2019","76.6634335596508","83.2415254237288","5.2873563218391",
"Tasa_de_ocupación_carcelaria_estatal",	08,"Chihuahua","2019","103.661827058975","109.227614490772","16.6666666666667",
"Tasa_de_ocupación_carcelaria_estatal",	09,"Ciudad_de_México","2019","88.6998176813356","89.6656865947947","25.9433962264151",
"Tasa_de_ocupación_carcelaria_estatal",	10,"Durango","2019","143.566322478157","152.826179345516","11.5151515151515",
"Tasa_de_ocupación_carcelaria_estatal",	11,"Guanajuato","2019","96.868509346541","101.224010731053","8.8135593220339",
"Tasa_de_ocupación_carcelaria_estatal",	12,"Guerrero","2019","112.420718816068","119.857142857143","20.7746478873239",
"Tasa_de_ocupación_carcelaria_estatal",	13,"Hidalgo","2019","120.681945220794","123.490511788384","23",
"Tasa_de_ocupación_carcelaria_estatal",	14,"Jalisco","2019","84.6651714194169","86.9780655391121","10.0213219616205",
"Tasa_de_ocupación_carcelaria_estatal",	15,"México","2019","206.969049424416","213.014921110873","37.6",
"Tasa_de_ocupación_carcelaria_estatal",	16,"Michoacán_de_Ocampo","2019","62.6064333017975","64.7692496021545","1.0452961672474",
"Tasa_de_ocupación_carcelaria_estatal",	17,"Morelos","2019","114.958448753463","118.900218499636","38.7323943661972",
"Tasa_de_ocupación_carcelaria_estatal",	18,"Nayarit","2019","168.348250610252","176.006855184233","24.1935483870968",
"Tasa_de_ocupación_carcelaria_estatal",	19,"Nuevo_León","2019","81.0867943297687","81.848018177228","30.8333333333333",
"Tasa_de_ocupación_carcelaria_estatal",	20,"Oaxaca","2019","67.4235135655186","68.0156402737048","30.4878048780488",
"Tasa_de_ocupación_carcelaria_estatal",	21,"Puebla","2019","124.061810154525","127.803145611365","14.8148148148148",
"Tasa_de_ocupación_carcelaria_estatal",	22,"Querétaro","2019","73.7067733638182","74.8680351906158","29.2134831460674",
"Tasa_de_ocupación_carcelaria_estatal",	23,"Quintana_Roo","2019","106.826964362387","106.926406926407","94.7368421052632",
"Tasa_de_ocupación_carcelaria_estatal",	24,"San_Luis_Potosí","2019","68.3639398998331","70.2072538860104","15",
"Tasa_de_ocupación_carcelaria_estatal",	25,"Sinaloa","2019","65.491515506144","67.4879081015719","5.4545454545455",
"Tasa_de_ocupación_carcelaria_estatal",	26,"Sonora","2019","95.0934026956727","98.2286432160804","44.9799196787149",
"Tasa_de_ocupación_carcelaria_estatal",	27,"Tabasco","2019","103.951206576505","105.805038335159","47.0588235294118",
"Tasa_de_ocupación_carcelaria_estatal",	28,"Tamaulipas","2019","86.6894197952219","91.5295256534366","10.6463878326996",
"Tasa_de_ocupación_carcelaria_estatal",	29,"Tlaxcala","2019","64.6649260226284","69.5939565627951","6.6666666666667",
"Tasa_de_ocupación_carcelaria_estatal",	30,"Veracruz_de_Ignacio_de_la_Llave","2019","82.8693495038589","85.2480045610034","13.3333333333333",
"Tasa_de_ocupación_carcelaria_estatal",	31,"Yucatán","2019","43.8321853475266","46.3207867073584","13.8775510204082",
"Tasa_de_ocupación_carcelaria_estatal",	32,"Zacatecas","2019","82.6305609284333","84.009840098401","59.5890410958904",
"Tasa_de_ocupación_carcelaria_estatal",	00,"Estados_Unidos_Mexicanos","2018","94.4696849351337","97.4574496229992","21.3939067133998",
"Tasa_de_ocupación_carcelaria_estatal",	01,"Aguascalientes","2018","64.0240842950326","66.2068965517241","25.9259259259259",
"Tasa_de_ocupación_carcelaria_estatal",	02,"Baja_California","2018","69.0616974257899","71.5904139433551","9.1445427728614",
"Tasa_de_ocupación_carcelaria_estatal",	03,"Baja_California_Sur","2018","60.1621895590471","63.2313472893183","8.1818181818182",
"Tasa_de_ocupación_carcelaria_estatal",	04,"Campeche","2018","64.8033126293996","68.7429854096521","18",
"Tasa_de_ocupación_carcelaria_estatal",	05,"Coahuila_de_Zaragoza","2018","60.8531994981179","61.5012886597938","36.9047619047619",
"Tasa_de_ocupación_carcelaria_estatal",	06,"Colima","2018","39.7640891218873","41.2263892690939","6.7901234567901",
"Tasa_de_ocupación_carcelaria_estatal",	07,"Chiapas","2018","63.1810676940011","69.119129207821","3.0612244897959",
"Tasa_de_ocupación_carcelaria_estatal",	08,"Chihuahua","2018","104.905611917298","112.711745765085","18.3229813664596",
"Tasa_de_ocupación_carcelaria_estatal",	09,"Ciudad_de_México","2018","93.289501893804","93.8073977276852","60.6407322654462",
"Tasa_de_ocupación_carcelaria_estatal",	10,"Durango","2018","173.972602739726","178.823529411765","15.3846153846154",
"Tasa_de_ocupación_carcelaria_estatal",	11,"Guanajuato","2018","87.0146818923328","90.556693989071","11.3138686131387",
"Tasa_de_ocupación_carcelaria_estatal",	12,"Guerrero","2018","110.785824345146","117.673130193906","23.2394366197183",
"Tasa_de_ocupación_carcelaria_estatal",	13,"Hidalgo","2018","107.57406372275","109.919493962047","26",
"Tasa_de_ocupación_carcelaria_estatal",	14,"Jalisco","2018","100.813068223816","103.820826952527","17.0575692963753",
"Tasa_de_ocupación_carcelaria_estatal",	15,"México","2018","206.79117147708","213.3593929639","35.4",
"Tasa_de_ocupación_carcelaria_estatal",	16,"Michoacán_de_Ocampo","2018","87.8544676297485","90.7817109144543","1.0928961748634",
"Tasa_de_ocupación_carcelaria_estatal",	17,"Morelos","2018","113.157894736842","117.771303714494","23.943661971831",
"Tasa_de_ocupación_carcelaria_estatal",	18,"Nayarit","2018","175.781948168007","184.76821192053","22.5806451612903",
"Tasa_de_ocupación_carcelaria_estatal",	19,"Nuevo_León","2018","83.5481963335305","84.4391121775645","21.6666666666667",
"Tasa_de_ocupación_carcelaria_estatal",	20,"Oaxaca","2018","87.516960651289","90.4626738575078","23.4567901234568",
"Tasa_de_ocupación_carcelaria_estatal",	21,"Puebla","2018","127.917003503099","131.935123042506","21.4814814814815",
"Tasa_de_ocupación_carcelaria_estatal",	22,"Querétaro","2018","66.9243986254295","67.7343520423156","35.9550561797753",
"Tasa_de_ocupación_carcelaria_estatal",	23,"Quintana_Roo","2018","101.942186088528","101.769509981851","140",
"Tasa_de_ocupación_carcelaria_estatal",	24,"San_Luis_Potosí","2018","65.9432387312187","67.9620034542314","7.5",
"Tasa_de_ocupación_carcelaria_estatal",	25,"Sinaloa","2018","65.6296739455579","67.6306835756263","6.8181818181818",
"Tasa_de_ocupación_carcelaria_estatal",	26,"Sonora","2018","87.6772211720227","90.8291457286432","37.8968253968254",
"Tasa_de_ocupación_carcelaria_estatal",	27,"Tabasco","2018","102.012178978025","104.018589393111","40.3361344537815",
"Tasa_de_ocupación_carcelaria_estatal",	28,"Tamaulipas","2018","63.885446785075","65.9","10.2661596958175",
"Tasa_de_ocupación_carcelaria_estatal",	29,"Tlaxcala","2018","53.4467323187108","57.5462512171373","6.6666666666667",
"Tasa_de_ocupación_carcelaria_estatal",	30,"Veracruz_de_Ignacio_de_la_Llave","2018","91.0143329658214","93.5860889395667","15.8333333333333",
"Tasa_de_ocupación_carcelaria_estatal",	31,"Yucatán","2018","41.9092331768388","44.2522889114954","13.8211382113821",
"Tasa_de_ocupación_carcelaria_estatal",	32,"Zacatecas","2018","76.6885372443072","78.6272092067406","46.8354430379747",
"Tasa_de_ocupación_carcelaria_estatal",	00,"Estados_Unidos_Mexicanos","2017","99.9494758115448","103.832670377683","19.3933604012419",
"Tasa_de_ocupación_carcelaria_estatal",	01,"Aguascalientes","2017","58.4545910687406","60.4774535809019","23.1481481481481",
"Tasa_de_ocupación_carcelaria_estatal",	02,"Baja_California","2017","73.4924217994195","76.347204424361","11.0619469026549",
"Tasa_de_ocupación_carcelaria_estatal",	03,"Baja_California_Sur","2017","98.9130434782609","107.470288624788","7.2727272727273",
"Tasa_de_ocupación_carcelaria_estatal",	04,"Campeche","2017","71.9461697722567","76.7115600448934","15.3333333333333",
"Tasa_de_ocupación_carcelaria_estatal",	05,"Coahuila_de_Zaragoza","2017","68.2043343653251","68.8493324856961","44.047619047619",
"Tasa_de_ocupación_carcelaria_estatal",	06,"Colima","2017","48.424289008455","51.5466739666028","2.8",
"Tasa_de_ocupación_carcelaria_estatal",	07,"Chiapas","2017","72.6823012092342","79.549114331723","3.0612244897959",
"Tasa_de_ocupación_carcelaria_estatal",	08,"Chihuahua","2017","96.2469733656174","102.849264705882","18.167701863354",
"Tasa_de_ocupación_carcelaria_estatal",	09,"Ciudad_de_México","2017","97.8580708592296","100.606192602272","16.4516129032258",
"Tasa_de_ocupación_carcelaria_estatal",	10,"Durango","2017","151.504579153947","164.866156787763","12.4378109452736",
"Tasa_de_ocupación_carcelaria_estatal",	11,"Guanajuato","2017","80.5464121132324","83.712512926577","13.5036496350365",
"Tasa_de_ocupación_carcelaria_estatal",	12,"Guerrero","2017","117.439751230889","125.314685314685","18.3098591549296",
"Tasa_de_ocupación_carcelaria_estatal",	13,"Hidalgo","2017","130.436324937921","134.387642515631","23",
"Tasa_de_ocupación_carcelaria_estatal",	14,"Jalisco","2017","138.639846743295","143.67666232073","31.5565031982942",
"Tasa_de_ocupación_carcelaria_estatal",	15,"México","2017","199.475898722965","205.978385835824","29.8",
"Tasa_de_ocupación_carcelaria_estatal",	16,"Michoacán_de_Ocampo","2017","85.5002675227394","88.3480825958702","1.0928961748634",
"Tasa_de_ocupación_carcelaria_estatal",	17,"Morelos","2017","120.360110803324","124.945375091042","31.6901408450704",
"Tasa_de_ocupación_carcelaria_estatal",	18,"Nayarit","2017","188.54748603352","208.731808731809","15.1785714285714",
"Tasa_de_ocupación_carcelaria_estatal",	19,"Nuevo_León","2017","98.5509227614491","101.83891660727","21.6666666666667",
"Tasa_de_ocupación_carcelaria_estatal",	20,"Oaxaca","2017","86.057577920533","88.3939618906211","27.7777777777778",
"Tasa_de_ocupación_carcelaria_estatal",	21,"Puebla","2017","111.708697889861","114.716075713143","28.1481481481481",
"Tasa_de_ocupación_carcelaria_estatal",	22,"Querétaro","2017","62.6306620209059","62.8979470395716","51.8072289156626",
"Tasa_de_ocupación_carcelaria_estatal",	23,"Quintana_Roo","2017","116.935112747354","116.989843028624","100",
"Tasa_de_ocupación_carcelaria_estatal",	24,"San_Luis_Potosí","2017","65.9656889872717","68.2210708117444","10",
"Tasa_de_ocupación_carcelaria_estatal",	25,"Sinaloa","2017","69.4115907746895","71.5617359413203","5.4545454545455",
"Tasa_de_ocupación_carcelaria_estatal",	26,"Sonora","2017","108.840381991814","113.844125402871","41.0714285714286",
"Tasa_de_ocupación_carcelaria_estatal",	27,"Tabasco","2017","114.767932489451","117.057169634489","52.1367521367521",
"Tasa_de_ocupación_carcelaria_estatal",	28,"Tamaulipas","2017","69.847170590665","72.1285714285714","9.1254752851711",
"Tasa_de_ocupación_carcelaria_estatal",	29,"Tlaxcala","2017","54.9194991055456","59.1439688715953","6.6666666666667",
"Tasa_de_ocupación_carcelaria_estatal",	30,"Veracruz_de_Ignacio_de_la_Llave","2017","96.0227272727273","98.7528669724771","16.6666666666667",
"Tasa_de_ocupación_carcelaria_estatal",	31,"Yucatán","2017","42.9420970266041","45.8121397083757","8.5365853658537",
"Tasa_de_ocupación_carcelaria_estatal",	32,"Zacatecas","2017","69.5501730103806","70.6508391322145","52.5316455696203",
"Tasa_de_ocupación_carcelaria_estatal",	00,"Estados_Unidos_Mexicanos","2016","106.119704477479","110.241725809852","22.6766239924135",
"Tasa_de_ocupación_carcelaria_estatal",	01,"Aguascalientes","2016","64.0240842950326","66.525198938992","20.3703703703704",
"Tasa_de_ocupación_carcelaria_estatal",	02,"Baja_California","2016","83.4504998387617","86.5920280569232","14.7492625368732",
"Tasa_de_ocupación_carcelaria_estatal",	03,"Baja_California_Sur","2016","87.1651785714286","92.0332936979786","12.7272727272727",
"Tasa_de_ocupación_carcelaria_estatal",	04,"Campeche","2016","72.7502527805865","77.7352297592998","12",
"Tasa_de_ocupación_carcelaria_estatal",	05,"Coahuila_de_Zaragoza","2016","69.0765492102066","70.8200890019072","31.5068493150685",
"Tasa_de_ocupación_carcelaria_estatal",	06,"Colima","2016","64.1623036649215","67.3756906077348","6",
"Tasa_de_ocupación_carcelaria_estatal",	07,"Chiapas","2016","85.1914414414414","93.3580858085809","2.7083333333333",
"Tasa_de_ocupación_carcelaria_estatal",	08,"Chihuahua","2016","93.5235343686048","99.4802494802495","18.494271685761",
"Tasa_de_ocupación_carcelaria_estatal",	09,"Ciudad_de_México","2016","125.088410223437","129.364847371278","15.795090715048",
"Tasa_de_ocupación_carcelaria_estatal",	10,"Durango","2016","128.806767586821","134.410112359551","20",
"Tasa_de_ocupación_carcelaria_estatal",	11,"Guanajuato","2016","77.7426861702128","78.8004136504654","49.0654205607477",
"Tasa_de_ocupación_carcelaria_estatal",	12,"Guerrero","2016","132.121859967932","141.758241758242","14.7887323943662",
"Tasa_de_ocupación_carcelaria_estatal",	13,"Hidalgo","2016","128.80454061724","132.695844060316","23",
"Tasa_de_ocupación_carcelaria_estatal",	14,"Jalisco","2016","149.851745576279","154.923786602487","45.1345755693582",
"Tasa_de_ocupación_carcelaria_estatal",	15,"México","2016","189.776146788991","195.984761904762","26.8",
"Tasa_de_ocupación_carcelaria_estatal",	16,"Michoacán_de_Ocampo","2016","80.2113352545629","83.9066957543212","3.4843205574913",
"Tasa_de_ocupación_carcelaria_estatal",	17,"Morelos","2016","129.318013343217","134.710743801653","42.0382165605096",
"Tasa_de_ocupación_carcelaria_estatal",	18,"Nayarit","2016","214.059590316574","233.264033264033","49.1071428571429",
"Tasa_de_ocupación_carcelaria_estatal",	19,"Nuevo_León","2016","99.8062283737024","103.719912472648","27.2972972972973",
"Tasa_de_ocupación_carcelaria_estatal",	20,"Oaxaca","2016","72.9986431478969","73.8261273826127","43.3333333333333",
"Tasa_de_ocupación_carcelaria_estatal",	21,"Puebla","2016","113.458569222851","115.995734470808","42.962962962963",
"Tasa_de_ocupación_carcelaria_estatal",	22,"Querétaro","2016","61.4614024749558","60.1060695344726","ND",
"Tasa_de_ocupación_carcelaria_estatal",	23,"Quintana_Roo","2016","125.951717734448","131.049562682216","16.6666666666667",
"Tasa_de_ocupación_carcelaria_estatal",	24,"San_Luis_Potosí","2016","86.3712095968011","90.0384480950717","11.4285714285714",
"Tasa_de_ocupación_carcelaria_estatal",	25,"Sinaloa","2016","80.9941955648162","83.6282505000769","3.1818181818182",
"Tasa_de_ocupación_carcelaria_estatal",	26,"Sonora","2016","96.7201510146295","101.465341488277","37.4203821656051",
"Tasa_de_ocupación_carcelaria_estatal",	27,"Tabasco","2016","111.834654586636","114.143484626647","44.4444444444444",
"Tasa_de_ocupación_carcelaria_estatal",	28,"Tamaulipas","2016","89.618082618862","91.9271672574928","21.0526315789474",
"Tasa_de_ocupación_carcelaria_estatal",	29,"Tlaxcala","2016","63.4168157423971","68.1906614785992","8.8888888888889",
"Tasa_de_ocupación_carcelaria_estatal",	30,"Veracruz_de_Ignacio_de_la_Llave","2016","97.3814773980154","100.114025085519","17.5",
"Tasa_de_ocupación_carcelaria_estatal",	31,"Yucatán","2016","44.2144873000941","47.1287801563031","9.349593495935",
"Tasa_de_ocupación_carcelaria_estatal",	32,"Zacatecas","2016","60.322952710496","62.0957838722882","32.9113924050633",
"Tasa_de_ocupación_carcelaria_estatal",	00,"Estados_Unidos_Mexicanos","2015","124.576099553315","128.581727502113","45.0803330596927",
"Tasa_de_ocupación_carcelaria_estatal",	01,"Aguascalientes","2015","105.1201011378","108.851351351351","50.9803921568627",
"Tasa_de_ocupación_carcelaria_estatal",	02,"Baja_California","2015","108.966183574879","112.66275382851","30.9116809116809",
"Tasa_de_ocupación_carcelaria_estatal",	03,"Baja_California_Sur","2015","101.748633879781","106.473988439306","20",
"Tasa_de_ocupación_carcelaria_estatal",	04,"Campeche","2015","82.8109201213347","88.4573304157549","14",
"Tasa_de_ocupación_carcelaria_estatal",	05,"Coahuila_de_Zaragoza","2015","90.5792861322411","92.4205378973105","49.3150684931507",
"Tasa_de_ocupación_carcelaria_estatal",	06,"Colima","2015","78.4464475079533","81.6629339305711","21",
"Tasa_de_ocupación_carcelaria_estatal",	07,"Chiapas","2015","114.101836077986","122.937293729373","15.632183908046",
"Tasa_de_ocupación_carcelaria_estatal",	08,"Chihuahua","2015","115.616063657839","116.961924907456","94.3632567849687",
"Tasa_de_ocupación_carcelaria_estatal",	09,"Ciudad_de_México","2015","146.236516020371","150.787154967219","36.1616161616162",
"Tasa_de_ocupación_carcelaria_estatal",	10,"Durango","2015","169.103878733839","174.091778202677","100",
"Tasa_de_ocupación_carcelaria_estatal",	11,"Guanajuato","2015","77.061170212766","77.5422268183385","64.018691588785",
"Tasa_de_ocupación_carcelaria_estatal",	12,"Guerrero","2015","134.54011741683","143.296529968454","17.2535211267606",
"Tasa_de_ocupación_carcelaria_estatal",	13,"Hidalgo","2015","178.604651162791","184.682926829268","54",
"Tasa_de_ocupación_carcelaria_estatal",	14,"Jalisco","2015","168.951296150825","174.410705095214","55.863539445629",
"Tasa_de_ocupación_carcelaria_estatal",	15,"México","2015","236.202707393266","243.613933236575","72.8",
"Tasa_de_ocupación_carcelaria_estatal",	16,"Michoacán_de_Ocampo","2015","93.9801472942683","98.0030206410472","10.4529616724739",
"Tasa_de_ocupación_carcelaria_estatal",	17,"Morelos","2015","144.402563136072","147.448165869218","91.7241379310345",
"Tasa_de_ocupación_carcelaria_estatal",	18,"Nayarit","2015","260.600375234522","278.482328482328","95.1923076923077",
"Tasa_de_ocupación_carcelaria_estatal",	19,"Nuevo_León","2015","110.768166089965","114.383661560904","43.7837837837838",
"Tasa_de_ocupación_carcelaria_estatal",	20,"Oaxaca","2015","99.8275437299828","102.532617037606","29.3333333333333",
"Tasa_de_ocupación_carcelaria_estatal",	21,"Puebla","2015","134.503380135205","137.671786580437","47.4074074074074",
"Tasa_de_ocupación_carcelaria_estatal",	22,"Querétaro","2015","65.0598973188819","66.8551026480214","23.448275862069",
"Tasa_de_ocupación_carcelaria_estatal",	23,"Quintana_Roo","2015","142.711234911792","148.250728862974","23.9583333333333",
"Tasa_de_ocupación_carcelaria_estatal",	24,"San_Luis_Potosí","2015","100.366544485172","103.739951066061","31.4285714285714",
"Tasa_de_ocupación_carcelaria_estatal",	25,"Sinaloa","2015","105.470136014193","108.160146699267","25.4545454545455",
"Tasa_de_ocupación_carcelaria_estatal",	26,"Sonora","2015","130.993393109958","136.187563710499","66.0828025477707",
"Tasa_de_ocupación_carcelaria_estatal",	27,"Tabasco","2015","115.131226566685","117.321080478975","60.1398601398601",
"Tasa_de_ocupación_carcelaria_estatal",	28,"Tamaulipas","2015","95.1370712219314","95.2056737588652","92.822966507177",
"Tasa_de_ocupación_carcelaria_estatal",	29,"Tlaxcala","2015","80.2325581395349","85.7976653696498","16.6666666666667",
"Tasa_de_ocupación_carcelaria_estatal",	30,"Veracruz_de_Ignacio_de_la_Llave","2015","91.7330436881487","93.8975888640318","19.1666666666667",
"Tasa_de_ocupación_carcelaria_estatal",	31,"Yucatán","2015","51.8193224592221","55.2837240910635","10.2040816326531",
"Tasa_de_ocupación_carcelaria_estatal",	32,"Zacatecas","2015","63.4230769230769","65.2743652743653","34.8101265822785",
