"Serie","cvegeo","Entidad_federativa","Periodo","Servicios_sanitarios|Con_drenaje_conectado_a_la_red_pública_y_excusado_propio","Servicios_sanitarios|Con_drenaje_conectado_a_una_fosa_séptica_y_excusado_propio",
"Población_que_se_abastece_con_llave_pública_o_hidrante",	00,"Estados_Unidos_Mexicanos","2022","110,576","76,757",
"Población_que_se_abastece_con_llave_pública_o_hidrante",	01,"Aguascalientes","2022","987","0",
"Población_que_se_abastece_con_llave_pública_o_hidrante",	02,"Baja_California","2022","440","196",
"Población_que_se_abastece_con_llave_pública_o_hidrante",	03,"Baja_California_Sur","2022","258","1,585",
"Población_que_se_abastece_con_llave_pública_o_hidrante",	04,"Campeche","2022","0","1,072",
"Población_que_se_abastece_con_llave_pública_o_hidrante",	05,"Coahuila_de_Zaragoza","2022","570","2,341",
"Población_que_se_abastece_con_llave_pública_o_hidrante",	06,"Colima","2022","198","867",
"Población_que_se_abastece_con_llave_pública_o_hidrante",	07,"Chiapas","2022","2,916","9,955",
"Población_que_se_abastece_con_llave_pública_o_hidrante",	08,"Chihuahua","2022","2,033","700",
"Población_que_se_abastece_con_llave_pública_o_hidrante",	09,"Ciudad_de_México","2022","9,959","10,109",
"Población_que_se_abastece_con_llave_pública_o_hidrante",	10,"Durango","2022","1,948","3,263",
"Población_que_se_abastece_con_llave_pública_o_hidrante",	11,"Guanajuato","2022","7,285","5,441",
"Población_que_se_abastece_con_llave_pública_o_hidrante",	12,"Guerrero","2022","3,814","11,085",
"Población_que_se_abastece_con_llave_pública_o_hidrante",	13,"Hidalgo","2022","2,850","1,510",
"Población_que_se_abastece_con_llave_pública_o_hidrante",	14,"Jalisco","2022","11,473","0",
"Población_que_se_abastece_con_llave_pública_o_hidrante",	15,"México","2022","11,513","5,316",
"Población_que_se_abastece_con_llave_pública_o_hidrante",	16,"Michoacán_de_Ocampo","2022","11,842","4,056",
"Población_que_se_abastece_con_llave_pública_o_hidrante",	17,"Morelos","2022","0","1,145",
"Población_que_se_abastece_con_llave_pública_o_hidrante",	18,"Nayarit","2022","1,275","2,339",
"Población_que_se_abastece_con_llave_pública_o_hidrante",	19,"Nuevo_León","2022","4,375","711",
"Población_que_se_abastece_con_llave_pública_o_hidrante",	20,"Oaxaca","2022","0","0",
"Población_que_se_abastece_con_llave_pública_o_hidrante",	21,"Puebla","2022","17,895","5,684",
"Población_que_se_abastece_con_llave_pública_o_hidrante",	22,"Querétaro","2022","0","420",
"Población_que_se_abastece_con_llave_pública_o_hidrante",	23,"Quintana_Roo","2022","960","0",
"Población_que_se_abastece_con_llave_pública_o_hidrante",	24,"San_Luis_Potosí","2022","1,566","1,580",
"Población_que_se_abastece_con_llave_pública_o_hidrante",	25,"Sinaloa","2022","0","0",
"Población_que_se_abastece_con_llave_pública_o_hidrante",	26,"Sonora","2022","0","0",
"Población_que_se_abastece_con_llave_pública_o_hidrante",	27,"Tabasco","2022","8,162","2,019",
"Población_que_se_abastece_con_llave_pública_o_hidrante",	28,"Tamaulipas","2022","5,694","0",
"Población_que_se_abastece_con_llave_pública_o_hidrante",	29,"Tlaxcala","2022","0","0",
"Población_que_se_abastece_con_llave_pública_o_hidrante",	30,"Veracruz_de_Ignacio_de_la_Llave","2022","0","3,639",
"Población_que_se_abastece_con_llave_pública_o_hidrante",	31,"Yucatán","2022","0","512",
"Población_que_se_abastece_con_llave_pública_o_hidrante",	32,"Zacatecas","2022","2,563","1,212",
"Población_que_se_abastece_con_llave_pública_o_hidrante",	00,"Estados_Unidos_Mexicanos","2020","47,772","77,194",
"Población_que_se_abastece_con_llave_pública_o_hidrante",	01,"Aguascalientes","2020","0","0",
"Población_que_se_abastece_con_llave_pública_o_hidrante",	02,"Baja_California","2020","0","123",
"Población_que_se_abastece_con_llave_pública_o_hidrante",	03,"Baja_California_Sur","2020","695","0",
"Población_que_se_abastece_con_llave_pública_o_hidrante",	04,"Campeche","2020","0","833",
"Población_que_se_abastece_con_llave_pública_o_hidrante",	05,"Coahuila_de_Zaragoza","2020","5,583","805",
"Población_que_se_abastece_con_llave_pública_o_hidrante",	06,"Colima","2020","470","310",
"Población_que_se_abastece_con_llave_pública_o_hidrante",	07,"Chiapas","2020","4,015","0",
"Población_que_se_abastece_con_llave_pública_o_hidrante",	08,"Chihuahua","2020","1,894","339",
"Población_que_se_abastece_con_llave_pública_o_hidrante",	09,"Ciudad_de_México","2020","0","2,536",
"Población_que_se_abastece_con_llave_pública_o_hidrante",	10,"Durango","2020","675","472",
"Población_que_se_abastece_con_llave_pública_o_hidrante",	11,"Guanajuato","2020","1,304","1,005",
"Población_que_se_abastece_con_llave_pública_o_hidrante",	12,"Guerrero","2020","1,400","16,629",
"Población_que_se_abastece_con_llave_pública_o_hidrante",	13,"Hidalgo","2020","0","2,085",
"Población_que_se_abastece_con_llave_pública_o_hidrante",	14,"Jalisco","2020","4,611","0",
"Población_que_se_abastece_con_llave_pública_o_hidrante",	15,"México","2020","7,748","297",
"Población_que_se_abastece_con_llave_pública_o_hidrante",	16,"Michoacán_de_Ocampo","2020","0","7,095",
"Población_que_se_abastece_con_llave_pública_o_hidrante",	17,"Morelos","2020","452","1,445",
"Población_que_se_abastece_con_llave_pública_o_hidrante",	18,"Nayarit","2020","684","2,026",
"Población_que_se_abastece_con_llave_pública_o_hidrante",	19,"Nuevo_León","2020","1,203","1,442",
"Población_que_se_abastece_con_llave_pública_o_hidrante",	20,"Oaxaca","2020","0","1,230",
"Población_que_se_abastece_con_llave_pública_o_hidrante",	21,"Puebla","2020","4,344","0",
"Población_que_se_abastece_con_llave_pública_o_hidrante",	22,"Querétaro","2020","11,308","11,996",
"Población_que_se_abastece_con_llave_pública_o_hidrante",	23,"Quintana_Roo","2020","0","0",
"Población_que_se_abastece_con_llave_pública_o_hidrante",	24,"San_Luis_Potosí","2020","376","2,195",
"Población_que_se_abastece_con_llave_pública_o_hidrante",	25,"Sinaloa","2020","0","2,597",
"Población_que_se_abastece_con_llave_pública_o_hidrante",	26,"Sonora","2020","0","2,431",
"Población_que_se_abastece_con_llave_pública_o_hidrante",	27,"Tabasco","2020","0","1,230",
"Población_que_se_abastece_con_llave_pública_o_hidrante",	28,"Tamaulipas","2020","0","2,034",
"Población_que_se_abastece_con_llave_pública_o_hidrante",	29,"Tlaxcala","2020","1,010","0",
"Población_que_se_abastece_con_llave_pública_o_hidrante",	30,"Veracruz_de_Ignacio_de_la_Llave","2020","0","13,886",
"Población_que_se_abastece_con_llave_pública_o_hidrante",	31,"Yucatán","2020","0","765",
"Población_que_se_abastece_con_llave_pública_o_hidrante",	32,"Zacatecas","2020","0","1,388",
"Población_que_se_abastece_con_llave_pública_o_hidrante",	00,"Estados_Unidos_Mexicanos","2018","53,014","93,067",
"Población_que_se_abastece_con_llave_pública_o_hidrante",	01,"Aguascalientes","2018","984","615",
"Población_que_se_abastece_con_llave_pública_o_hidrante",	02,"Baja_California","2018","0","0",
"Población_que_se_abastece_con_llave_pública_o_hidrante",	03,"Baja_California_Sur","2018","0","199",
"Población_que_se_abastece_con_llave_pública_o_hidrante",	04,"Campeche","2018","0","0",
"Población_que_se_abastece_con_llave_pública_o_hidrante",	05,"Coahuila_de_Zaragoza","2018","7,368","0",
"Población_que_se_abastece_con_llave_pública_o_hidrante",	06,"Colima","2018","375","55",
"Población_que_se_abastece_con_llave_pública_o_hidrante",	07,"Chiapas","2018","0","0",
"Población_que_se_abastece_con_llave_pública_o_hidrante",	08,"Chihuahua","2018","2,912","0",
"Población_que_se_abastece_con_llave_pública_o_hidrante",	09,"Ciudad_de_México","2018","0","22,396",
"Población_que_se_abastece_con_llave_pública_o_hidrante",	10,"Durango","2018","1,272","2,088",
"Población_que_se_abastece_con_llave_pública_o_hidrante",	11,"Guanajuato","2018","5,424","4,780",
"Población_que_se_abastece_con_llave_pública_o_hidrante",	12,"Guerrero","2018","3,240","16,418",
"Población_que_se_abastece_con_llave_pública_o_hidrante",	13,"Hidalgo","2018","6,725","3,148",
"Población_que_se_abastece_con_llave_pública_o_hidrante",	14,"Jalisco","2018","2,140","4,464",
"Población_que_se_abastece_con_llave_pública_o_hidrante",	15,"México","2018","1,988","6,612",
"Población_que_se_abastece_con_llave_pública_o_hidrante",	16,"Michoacán_de_Ocampo","2018","0","0",
"Población_que_se_abastece_con_llave_pública_o_hidrante",	17,"Morelos","2018","268","0",
"Población_que_se_abastece_con_llave_pública_o_hidrante",	18,"Nayarit","2018","0","2,982",
"Población_que_se_abastece_con_llave_pública_o_hidrante",	19,"Nuevo_León","2018","0","1,711",
"Población_que_se_abastece_con_llave_pública_o_hidrante",	20,"Oaxaca","2018","0","3,921",
"Población_que_se_abastece_con_llave_pública_o_hidrante",	21,"Puebla","2018","3,788","0",
"Población_que_se_abastece_con_llave_pública_o_hidrante",	22,"Querétaro","2018","6,740","7,842",
"Población_que_se_abastece_con_llave_pública_o_hidrante",	23,"Quintana_Roo","2018","0","0",
"Población_que_se_abastece_con_llave_pública_o_hidrante",	24,"San_Luis_Potosí","2018","5,156","8,960",
"Población_que_se_abastece_con_llave_pública_o_hidrante",	25,"Sinaloa","2018","0","0",
"Población_que_se_abastece_con_llave_pública_o_hidrante",	26,"Sonora","2018","1,588","836",
"Población_que_se_abastece_con_llave_pública_o_hidrante",	27,"Tabasco","2018","1,416","0",
"Población_que_se_abastece_con_llave_pública_o_hidrante",	28,"Tamaulipas","2018","0","0",
"Población_que_se_abastece_con_llave_pública_o_hidrante",	29,"Tlaxcala","2018","1,630","0",
"Población_que_se_abastece_con_llave_pública_o_hidrante",	30,"Veracruz_de_Ignacio_de_la_Llave","2018","0","4,652",
"Población_que_se_abastece_con_llave_pública_o_hidrante",	31,"Yucatán","2018","0","0",
"Población_que_se_abastece_con_llave_pública_o_hidrante",	32,"Zacatecas","2018","0","1,388",
"Población_que_se_abastece_con_llave_pública_o_hidrante",	00,"Estados_Unidos_Mexicanos","2016","52,153","107,350",
"Población_que_se_abastece_con_llave_pública_o_hidrante",	01,"Aguascalientes","2016","0","712",
"Población_que_se_abastece_con_llave_pública_o_hidrante",	02,"Baja_California","2016","4,404","278",
"Población_que_se_abastece_con_llave_pública_o_hidrante",	03,"Baja_California_Sur","2016","1,120","1,878",
"Población_que_se_abastece_con_llave_pública_o_hidrante",	04,"Campeche","2016","0","0",
"Población_que_se_abastece_con_llave_pública_o_hidrante",	05,"Coahuila_de_Zaragoza","2016","297","114",
"Población_que_se_abastece_con_llave_pública_o_hidrante",	06,"Colima","2016","126","280",
"Población_que_se_abastece_con_llave_pública_o_hidrante",	07,"Chiapas","2016","4,288","34,870",
"Población_que_se_abastece_con_llave_pública_o_hidrante",	08,"Chihuahua","2016","3,035","0",
"Población_que_se_abastece_con_llave_pública_o_hidrante",	09,"Ciudad_de_México","2016","0","19,142",
"Población_que_se_abastece_con_llave_pública_o_hidrante",	10,"Durango","2016","0","576",
"Población_que_se_abastece_con_llave_pública_o_hidrante",	11,"Guanajuato","2016","3,440","11,060",
"Población_que_se_abastece_con_llave_pública_o_hidrante",	12,"Guerrero","2016","579","2,980",
"Población_que_se_abastece_con_llave_pública_o_hidrante",	13,"Hidalgo","2016","5,530","0",
"Población_que_se_abastece_con_llave_pública_o_hidrante",	14,"Jalisco","2016","0","0",
"Población_que_se_abastece_con_llave_pública_o_hidrante",	15,"México","2016","7,275","1,548",
"Población_que_se_abastece_con_llave_pública_o_hidrante",	16,"Michoacán_de_Ocampo","2016","4,974","8,888",
"Población_que_se_abastece_con_llave_pública_o_hidrante",	17,"Morelos","2016","0","621",
"Población_que_se_abastece_con_llave_pública_o_hidrante",	18,"Nayarit","2016","0","963",
"Población_que_se_abastece_con_llave_pública_o_hidrante",	19,"Nuevo_León","2016","0","1,136",
"Población_que_se_abastece_con_llave_pública_o_hidrante",	20,"Oaxaca","2016","0","0",
"Población_que_se_abastece_con_llave_pública_o_hidrante",	21,"Puebla","2016","0","0",
"Población_que_se_abastece_con_llave_pública_o_hidrante",	22,"Querétaro","2016","3,930","4,038",
"Población_que_se_abastece_con_llave_pública_o_hidrante",	23,"Quintana_Roo","2016","0","0",
"Población_que_se_abastece_con_llave_pública_o_hidrante",	24,"San_Luis_Potosí","2016","365","2,492",
"Población_que_se_abastece_con_llave_pública_o_hidrante",	25,"Sinaloa","2016","0","0",
"Población_que_se_abastece_con_llave_pública_o_hidrante",	26,"Sonora","2016","858","0",
"Población_que_se_abastece_con_llave_pública_o_hidrante",	27,"Tabasco","2016","1,544","0",
"Población_que_se_abastece_con_llave_pública_o_hidrante",	28,"Tamaulipas","2016","0","4,864",
"Población_que_se_abastece_con_llave_pública_o_hidrante",	29,"Tlaxcala","2016","0","0",
"Población_que_se_abastece_con_llave_pública_o_hidrante",	30,"Veracruz_de_Ignacio_de_la_Llave","2016","10,388","9,160",
"Población_que_se_abastece_con_llave_pública_o_hidrante",	31,"Yucatán","2016","0","1,750",
"Población_que_se_abastece_con_llave_pública_o_hidrante",	32,"Zacatecas","2016","0","0",
"Población_que_se_abastece_con_llave_pública_o_hidrante",	00,"Estados_Unidos_Mexicanos","2014","54,089","161,595",
"Población_que_se_abastece_con_llave_pública_o_hidrante",	01,"Aguascalientes","2014","0","0",
"Población_que_se_abastece_con_llave_pública_o_hidrante",	02,"Baja_California","2014","0","0",
"Población_que_se_abastece_con_llave_pública_o_hidrante",	03,"Baja_California_Sur","2014","0","1,422",
"Población_que_se_abastece_con_llave_pública_o_hidrante",	04,"Campeche","2014","0","0",
"Población_que_se_abastece_con_llave_pública_o_hidrante",	05,"Coahuila_de_Zaragoza","2014","0","0",
"Población_que_se_abastece_con_llave_pública_o_hidrante",	06,"Colima","2014","0","0",
"Población_que_se_abastece_con_llave_pública_o_hidrante",	07,"Chiapas","2014","0","38,976",
"Población_que_se_abastece_con_llave_pública_o_hidrante",	08,"Chihuahua","2014","0","0",
"Población_que_se_abastece_con_llave_pública_o_hidrante",	09,"Ciudad_de_México","2014","3,951","7,480",
"Población_que_se_abastece_con_llave_pública_o_hidrante",	10,"Durango","2014","0","0",
"Población_que_se_abastece_con_llave_pública_o_hidrante",	11,"Guanajuato","2014","5,232","58,390",
"Población_que_se_abastece_con_llave_pública_o_hidrante",	12,"Guerrero","2014","5,925","9,474",
"Población_que_se_abastece_con_llave_pública_o_hidrante",	13,"Hidalgo","2014","16,763","11,487",
"Población_que_se_abastece_con_llave_pública_o_hidrante",	14,"Jalisco","2014","0","0",
"Población_que_se_abastece_con_llave_pública_o_hidrante",	15,"México","2014","0","4,841",
"Población_que_se_abastece_con_llave_pública_o_hidrante",	16,"Michoacán_de_Ocampo","2014","0","0",
"Población_que_se_abastece_con_llave_pública_o_hidrante",	17,"Morelos","2014","0","0",
"Población_que_se_abastece_con_llave_pública_o_hidrante",	18,"Nayarit","2014","0","622",
"Población_que_se_abastece_con_llave_pública_o_hidrante",	19,"Nuevo_León","2014","0","0",
"Población_que_se_abastece_con_llave_pública_o_hidrante",	20,"Oaxaca","2014","0","0",
"Población_que_se_abastece_con_llave_pública_o_hidrante",	21,"Puebla","2014","0","0",
"Población_que_se_abastece_con_llave_pública_o_hidrante",	22,"Querétaro","2014","0","7,950",
"Población_que_se_abastece_con_llave_pública_o_hidrante",	23,"Quintana_Roo","2014","0","0",
"Población_que_se_abastece_con_llave_pública_o_hidrante",	24,"San_Luis_Potosí","2014","0","3,633",
"Población_que_se_abastece_con_llave_pública_o_hidrante",	25,"Sinaloa","2014","0","0",
"Población_que_se_abastece_con_llave_pública_o_hidrante",	26,"Sonora","2014","0","0",
"Población_que_se_abastece_con_llave_pública_o_hidrante",	27,"Tabasco","2014","5,914","4,256",
"Población_que_se_abastece_con_llave_pública_o_hidrante",	28,"Tamaulipas","2014","16,304","13,064",
"Población_que_se_abastece_con_llave_pública_o_hidrante",	29,"Tlaxcala","2014","0","0",
"Población_que_se_abastece_con_llave_pública_o_hidrante",	30,"Veracruz_de_Ignacio_de_la_Llave","2014","0","0",
"Población_que_se_abastece_con_llave_pública_o_hidrante",	31,"Yucatán","2014","0","0",
"Población_que_se_abastece_con_llave_pública_o_hidrante",	32,"Zacatecas","2014","0","0",
