"Serie","cvegeo","Entidad_federativa","Periodo","Densidad_del_personal_sanitario|Número_de_personal_sanitario","Densidad_del_personal_sanitario|Número_de_médicos","Densidad_del_personal_sanitario|Número_de_enfermeros_y_parteros","Densidad_del_personal_sanitario|Número_de_dentistas","Densidad_del_personal_sanitario|Número_de_personal_farmacéutico",
"Número_de_personal_sanitario",	00,"Estados_Unidos_Mexicanos","2022","734,912","332,831","389,668","11,705","708",
"Número_de_personal_sanitario",	01,"Aguascalientes","2022","9,411","4,195","5,129","87","0",
"Número_de_personal_sanitario",	02,"Baja_California","2022","18,684","8,882","9,573","222","7",
"Número_de_personal_sanitario",	03,"Baja_California_Sur","2022","5,196","2,489","2,650","57","0",
"Número_de_personal_sanitario",	04,"Campeche","2022","5,919","2,454","3,349","113","3",
"Número_de_personal_sanitario",	05,"Coahuila_de_Zaragoza","2022","18,655","7,810","10,668","162","15",
"Número_de_personal_sanitario",	06,"Colima","2022","5,257","2,403","2,796","58","0",
"Número_de_personal_sanitario",	07,"Chiapas","2022","24,893","8,733","15,704","419","37",
"Número_de_personal_sanitario",	08,"Chihuahua","2022","24,529","10,851","13,404","273","1",
"Número_de_personal_sanitario",	09,"Ciudad_de_México","2022","103,746","44,849","57,267","1,467","163",
"Número_de_personal_sanitario",	10,"Durango","2022","9,792","4,315","5,274","194","9",
"Número_de_personal_sanitario",	11,"Guanajuato","2022","30,990","13,142","17,399","417","32",
"Número_de_personal_sanitario",	12,"Guerrero","2022","19,491","7,711","11,178","592","10",
"Número_de_personal_sanitario",	13,"Hidalgo","2022","15,818","6,658","8,817","314","29",
"Número_de_personal_sanitario",	14,"Jalisco","2022","53,270","27,087","25,608","564","11",
"Número_de_personal_sanitario",	15,"México","2022","71,187","31,436","38,328","1,393","30",
"Número_de_personal_sanitario",	16,"Michoacán_de_Ocampo","2022","21,829","9,664","11,566","533","66",
"Número_de_personal_sanitario",	17,"Morelos","2022","9,304","4,018","5,128","158","0",
"Número_de_personal_sanitario",	18,"Nayarit","2022","7,701","3,282","4,258","160","1",
"Número_de_personal_sanitario",	19,"Nuevo_León","2022","49,403","30,212","18,882","294","15",
"Número_de_personal_sanitario",	20,"Oaxaca","2022","18,890","7,918","10,415","537","20",
"Número_de_personal_sanitario",	21,"Puebla","2022","27,633","12,659","14,391","524","59",
"Número_de_personal_sanitario",	22,"Querétaro","2022","12,419","6,252","5,980","187","0",
"Número_de_personal_sanitario",	23,"Quintana_Roo","2022","8,552","3,319","5,091","141","1",
"Número_de_personal_sanitario",	24,"San_Luis_Potosí","2022","15,739","7,800","7,689","249","1",
"Número_de_personal_sanitario",	25,"Sinaloa","2022","19,395","9,064","9,987","340","4",
"Número_de_personal_sanitario",	26,"Sonora","2022","19,810","9,337","10,280","191","2",
"Número_de_personal_sanitario",	27,"Tabasco","2022","16,206","7,244","8,482","431","49",
"Número_de_personal_sanitario",	28,"Tamaulipas","2022","23,126","10,088","12,745","276","17",
"Número_de_personal_sanitario",	29,"Tlaxcala","2022","6,744","2,868","3,631","162","83",
"Número_de_personal_sanitario",	30,"Veracruz_de_Ignacio_de_la_Llave","2022","36,782","15,193","20,706","841","42",
"Número_de_personal_sanitario",	31,"Yucatán","2022","15,024","6,812","8,030","181","1",
"Número_de_personal_sanitario",	32,"Zacatecas","2022","9,517","4,086","5,263","168","0",
"Número_de_personal_sanitario",	00,"Estados_Unidos_Mexicanos","2021","715,611","324,292","379,306","11,497","516",
"Número_de_personal_sanitario",	01,"Aguascalientes","2021","9,277","4,059","5,130","88","0",
"Número_de_personal_sanitario",	02,"Baja_California","2021","18,638","8,942","9,456","233","7",
"Número_de_personal_sanitario",	03,"Baja_California_Sur","2021","5,211","2,503","2,650","58","0",
"Número_de_personal_sanitario",	04,"Campeche","2021","5,571","2,304","3,151","111","5",
"Número_de_personal_sanitario",	05,"Coahuila_de_Zaragoza","2021","18,544","7,580","10,780","169","15",
"Número_de_personal_sanitario",	06,"Colima","2021","5,185","2,325","2,800","60","0",
"Número_de_personal_sanitario",	07,"Chiapas","2021","23,247","8,453","14,358","410","26",
"Número_de_personal_sanitario",	08,"Chihuahua","2021","24,248","10,876","13,128","243","1",
"Número_de_personal_sanitario",	09,"Ciudad_de_México","2021","102,251","44,842","55,935","1,406","68",
"Número_de_personal_sanitario",	10,"Durango","2021","9,796","4,463","5,127","176","30",
"Número_de_personal_sanitario",	11,"Guanajuato","2021","30,744","13,026","17,257","436","25",
"Número_de_personal_sanitario",	12,"Guerrero","2021","19,578","7,768","11,213","585","12",
"Número_de_personal_sanitario",	13,"Hidalgo","2021","15,620","6,728","8,554","308","30",
"Número_de_personal_sanitario",	14,"Jalisco","2021","50,307","25,098","24,640","556","13",
"Número_de_personal_sanitario",	15,"México","2021","69,534","30,491","37,600","1,416","27",
"Número_de_personal_sanitario",	16,"Michoacán_de_Ocampo","2021","21,624","9,760","11,303","510","51",
"Número_de_personal_sanitario",	17,"Morelos","2021","9,154","3,963","5,036","155","0",
"Número_de_personal_sanitario",	18,"Nayarit","2021","7,366","3,149","4,038","176","3",
"Número_de_personal_sanitario",	19,"Nuevo_León","2021","48,632","29,261","19,065","292","14",
"Número_de_personal_sanitario",	20,"Oaxaca","2021","17,801","7,376","9,954","454","17",
"Número_de_personal_sanitario",	21,"Puebla","2021","26,842","12,043","14,273","515","11",
"Número_de_personal_sanitario",	22,"Querétaro","2021","12,051","5,925","5,938","188","0",
"Número_de_personal_sanitario",	23,"Quintana_Roo","2021","8,137","3,085","4,911","139","2",
"Número_de_personal_sanitario",	24,"San_Luis_Potosí","2021","15,741","7,801","7,678","260","2",
"Número_de_personal_sanitario",	25,"Sinaloa","2021","17,946","8,056","9,577","312","1",
"Número_de_personal_sanitario",	26,"Sonora","2021","18,870","8,897","9,798","173","2",
"Número_de_personal_sanitario",	27,"Tabasco","2021","14,813","6,770","7,582","416","45",
"Número_de_personal_sanitario",	28,"Tamaulipas","2021","21,933","9,528","12,101","290","14",
"Número_de_personal_sanitario",	29,"Tlaxcala","2021","6,141","2,745","3,214","148","34",
"Número_de_personal_sanitario",	30,"Veracruz_de_Ignacio_de_la_Llave","2021","35,446","14,842","19,695","860","49",
"Número_de_personal_sanitario",	31,"Yucatán","2021","14,977","6,775","8,022","175","5",
"Número_de_personal_sanitario",	32,"Zacatecas","2021","10,386","4,858","5,342","179","7",
"Número_de_personal_sanitario",	00,"Estados_Unidos_Mexicanos","2020","691,970","307,501","372,617","11,253","599",
"Número_de_personal_sanitario",	01,"Aguascalientes","2020","8,767","3,656","5,043","68","0",
"Número_de_personal_sanitario",	02,"Baja_California","2020","19,003","9,267","9,495","227","14",
"Número_de_personal_sanitario",	03,"Baja_California_Sur","2020","5,180","2,414","2,704","62","0",
"Número_de_personal_sanitario",	04,"Campeche","2020","5,601","2,349","3,134","115","3",
"Número_de_personal_sanitario",	05,"Coahuila_de_Zaragoza","2020","17,868","7,309","10,358","176","25",
"Número_de_personal_sanitario",	06,"Colima","2020","5,316","2,355","2,899","62","0",
"Número_de_personal_sanitario",	07,"Chiapas","2020","22,628","8,289","13,905","408","26",
"Número_de_personal_sanitario",	08,"Chihuahua","2020","23,315","10,398","12,713","203","1",
"Número_de_personal_sanitario",	09,"Ciudad_de_México","2020","97,548","42,485","53,520","1,443","100",
"Número_de_personal_sanitario",	10,"Durango","2020","9,169","4,020","4,961","176","12",
"Número_de_personal_sanitario",	11,"Guanajuato","2020","30,141","12,800","16,900","414","27",
"Número_de_personal_sanitario",	12,"Guerrero","2020","18,827","7,465","10,786","563","13",
"Número_de_personal_sanitario",	13,"Hidalgo","2020","15,089","6,485","8,250","306","48",
"Número_de_personal_sanitario",	14,"Jalisco","2020","47,502","23,290","23,654","538","20",
"Número_de_personal_sanitario",	15,"México","2020","69,805","30,240","38,082","1,442","41",
"Número_de_personal_sanitario",	16,"Michoacán_de_Ocampo","2020","21,557","9,498","11,505","536","18",
"Número_de_personal_sanitario",	17,"Morelos","2020","9,299","3,833","5,307","155","4",
"Número_de_personal_sanitario",	18,"Nayarit","2020","6,962","3,018","3,817","122","5",
"Número_de_personal_sanitario",	19,"Nuevo_León","2020","43,371","24,831","18,218","303","19",
"Número_de_personal_sanitario",	20,"Oaxaca","2020","17,768","7,321","9,986","442","19",
"Número_de_personal_sanitario",	21,"Puebla","2020","26,316","11,448","14,344","466","58",
"Número_de_personal_sanitario",	22,"Querétaro","2020","11,345","5,511","5,648","186","0",
"Número_de_personal_sanitario",	23,"Quintana_Roo","2020","8,092","3,141","4,811","138","2",
"Número_de_personal_sanitario",	24,"San_Luis_Potosí","2020","16,275","8,420","7,611","243","1",
"Número_de_personal_sanitario",	25,"Sinaloa","2020","16,867","7,340","9,226","294","7",
"Número_de_personal_sanitario",	26,"Sonora","2020","17,701","8,037","9,522","141","1",
"Número_de_personal_sanitario",	27,"Tabasco","2020","14,023","6,182","7,403","412","26",
"Número_de_personal_sanitario",	28,"Tamaulipas","2020","21,715","9,102","12,298","296","19",
"Número_de_personal_sanitario",	29,"Tlaxcala","2020","6,104","2,680","3,242","148","34",
"Número_de_personal_sanitario",	30,"Veracruz_de_Ignacio_de_la_Llave","2020","34,997","14,428","19,677","841","51",
"Número_de_personal_sanitario",	31,"Yucatán","2020","14,531","6,083","8,280","167","1",
"Número_de_personal_sanitario",	32,"Zacatecas","2020","9,288","3,806","5,318","160","4",
"Número_de_personal_sanitario",	00,"Estados_Unidos_Mexicanos","2019","683,530","309,418","360,417","13,139","556",
"Número_de_personal_sanitario",	01,"Aguascalientes","2019","8,243","3,272","4,874","97","0",
"Número_de_personal_sanitario",	02,"Baja_California","2019","18,132","8,847","8,975","288","22",
"Número_de_personal_sanitario",	03,"Baja_California_Sur","2019","4,955","2,319","2,550","86","0",
"Número_de_personal_sanitario",	04,"Campeche","2019","5,409","2,304","2,972","129","4",
"Número_de_personal_sanitario",	05,"Coahuila_de_Zaragoza","2019","17,416","7,186","9,949","265","16",
"Número_de_personal_sanitario",	06,"Colima","2019","5,060","2,294","2,690","76","0",
"Número_de_personal_sanitario",	07,"Chiapas","2019","21,955","7,788","13,727","427","13",
"Número_de_personal_sanitario",	08,"Chihuahua","2019","23,660","10,691","12,683","285","1",
"Número_de_personal_sanitario",	09,"Ciudad_de_México","2019","97,872","43,089","53,059","1,640","84",
"Número_de_personal_sanitario",	10,"Durango","2019","8,929","3,919","4,801","202","7",
"Número_de_personal_sanitario",	11,"Guanajuato","2019","29,394","12,522","16,357","488","27",
"Número_de_personal_sanitario",	12,"Guerrero","2019","18,369","7,285","10,455","616","13",
"Número_de_personal_sanitario",	13,"Hidalgo","2019","13,525","5,792","7,378","336","19",
"Número_de_personal_sanitario",	14,"Jalisco","2019","46,946","22,918","23,319","696","13",
"Número_de_personal_sanitario",	15,"México","2019","66,535","29,009","35,829","1,646","51",
"Número_de_personal_sanitario",	16,"Michoacán_de_Ocampo","2019","20,577","9,040","10,949","568","20",
"Número_de_personal_sanitario",	17,"Morelos","2019","9,243","3,934","5,136","173","0",
"Número_de_personal_sanitario",	18,"Nayarit","2019","6,317","2,617","3,518","181","1",
"Número_de_personal_sanitario",	19,"Nuevo_León","2019","51,150","32,668","18,023","442","17",
"Número_de_personal_sanitario",	20,"Oaxaca","2019","17,140","7,052","9,594","462","32",
"Número_de_personal_sanitario",	21,"Puebla","2019","27,180","11,836","14,698","577","69",
"Número_de_personal_sanitario",	22,"Querétaro","2019","11,088","5,284","5,581","223","0",
"Número_de_personal_sanitario",	23,"Quintana_Roo","2019","7,782","3,041","4,557","180","4",
"Número_de_personal_sanitario",	24,"San_Luis_Potosí","2019","15,583","7,991","7,333","258","1",
"Número_de_personal_sanitario",	25,"Sinaloa","2019","16,471","7,412","8,668","383","8",
"Número_de_personal_sanitario",	26,"Sonora","2019","18,195","8,211","9,761","218","5",
"Número_de_personal_sanitario",	27,"Tabasco","2019","13,478","6,162","6,889","397","30",
"Número_de_personal_sanitario",	28,"Tamaulipas","2019","21,197","8,997","11,812","357","31",
"Número_de_personal_sanitario",	29,"Tlaxcala","2019","5,896","2,597","3,111","154","34",
"Número_de_personal_sanitario",	30,"Veracruz_de_Ignacio_de_la_Llave","2019","33,319","13,905","18,501","885","28",
"Número_de_personal_sanitario",	31,"Yucatán","2019","13,511","5,732","7,561","216","2",
"Número_de_personal_sanitario",	32,"Zacatecas","2019","9,003","3,704","5,107","188","4",
"Número_de_personal_sanitario",	00,"Estados_Unidos_Mexicanos","2018","678,056","305,985","360,506","11,131","434",
"Número_de_personal_sanitario",	01,"Aguascalientes","2018","7,835","3,128","4,634","73","0",
"Número_de_personal_sanitario",	02,"Baja_California","2018","17,298","8,308","8,782","201","7",
"Número_de_personal_sanitario",	03,"Baja_California_Sur","2018","4,805","2,235","2,518","52","0",
"Número_de_personal_sanitario",	04,"Campeche","2018","5,415","2,360","2,942","112","1",
"Número_de_personal_sanitario",	05,"Coahuila_de_Zaragoza","2018","17,008","6,957","9,894","153","4",
"Número_de_personal_sanitario",	06,"Colima","2018","4,980","2,259","2,665","56","0",
"Número_de_personal_sanitario",	07,"Chiapas","2018","22,144","8,206","13,510","421","7",
"Número_de_personal_sanitario",	08,"Chihuahua","2018","23,328","10,429","12,661","238","0",
"Número_de_personal_sanitario",	09,"Ciudad_de_México","2018","97,963","42,079","54,339","1,461","84",
"Número_de_personal_sanitario",	10,"Durango","2018","9,171","3,980","5,024","159","8",
"Número_de_personal_sanitario",	11,"Guanajuato","2018","28,583","12,012","16,125","425","21",
"Número_de_personal_sanitario",	12,"Guerrero","2018","18,714","7,572","10,532","603","7",
"Número_de_personal_sanitario",	13,"Hidalgo","2018","13,671","5,877","7,440","336","18",
"Número_de_personal_sanitario",	14,"Jalisco","2018","47,672","23,707","23,443","513","9",
"Número_de_personal_sanitario",	15,"México","2018","65,126","28,443","35,361","1,278","44",
"Número_de_personal_sanitario",	16,"Michoacán_de_Ocampo","2018","20,615","9,033","11,055","519","8",
"Número_de_personal_sanitario",	17,"Morelos","2018","9,267","3,982","5,142","142","1",
"Número_de_personal_sanitario",	18,"Nayarit","2018","6,342","2,603","3,587","151","1",
"Número_de_personal_sanitario",	19,"Nuevo_León","2018","51,026","32,596","18,122","289","19",
"Número_de_personal_sanitario",	20,"Oaxaca","2018","17,302","7,336","9,511","436","19",
"Número_de_personal_sanitario",	21,"Puebla","2018","26,898","11,521","14,826","530","21",
"Número_de_personal_sanitario",	22,"Querétaro","2018","9,921","4,816","4,915","190","0",
"Número_de_personal_sanitario",	23,"Quintana_Roo","2018","7,486","2,954","4,389","139","4",
"Número_de_personal_sanitario",	24,"San_Luis_Potosí","2018","16,070","8,143","7,684","240","3",
"Número_de_personal_sanitario",	25,"Sinaloa","2018","17,203","7,656","9,216","327","4",
"Número_de_personal_sanitario",	26,"Sonora","2018","17,698","7,892","9,626","175","5",
"Número_de_personal_sanitario",	27,"Tabasco","2018","12,330","5,468","6,442","391","29",
"Número_de_personal_sanitario",	28,"Tamaulipas","2018","20,430","8,592","11,520","288","30",
"Número_de_personal_sanitario",	29,"Tlaxcala","2018","6,089","2,672","3,245","138","34",
"Número_de_personal_sanitario",	30,"Veracruz_de_Ignacio_de_la_Llave","2018","33,175","13,845","18,518","770","42",
"Número_de_personal_sanitario",	31,"Yucatán","2018","13,404","5,539","7,706","159","0",
"Número_de_personal_sanitario",	32,"Zacatecas","2018","9,087","3,785","5,132","166","4",
"Número_de_personal_sanitario",	00,"Estados_Unidos_Mexicanos","2017","667,090","297,307","356,126","13,106","551",
"Número_de_personal_sanitario",	01,"Aguascalientes","2017","7,577","3,084","4,325","167","1",
"Número_de_personal_sanitario",	02,"Baja_California","2017","17,691","8,435","8,890","291","75",
"Número_de_personal_sanitario",	03,"Baja_California_Sur","2017","4,606","2,040","2,483","83","0",
"Número_de_personal_sanitario",	04,"Campeche","2017","4,953","2,008","2,830","114","1",
"Número_de_personal_sanitario",	05,"Coahuila_de_Zaragoza","2017","16,716","6,673","9,801","237","5",
"Número_de_personal_sanitario",	06,"Colima","2017","4,886","2,144","2,667","75","0",
"Número_de_personal_sanitario",	07,"Chiapas","2017","22,478","8,284","13,728","455","11",
"Número_de_personal_sanitario",	08,"Chihuahua","2017","22,607","9,805","12,519","283","0",
"Número_de_personal_sanitario",	09,"Ciudad_de_México","2017","97,424","41,660","53,937","1,743","84",
"Número_de_personal_sanitario",	10,"Durango","2017","9,034","3,841","5,009","175","9",
"Número_de_personal_sanitario",	11,"Guanajuato","2017","27,562","11,660","15,403","483","16",
"Número_de_personal_sanitario",	12,"Guerrero","2017","17,910","7,234","10,056","613","7",
"Número_de_personal_sanitario",	13,"Hidalgo","2017","13,458","5,663","7,412","369","14",
"Número_de_personal_sanitario",	14,"Jalisco","2017","47,010","23,047","23,293","652","18",
"Número_de_personal_sanitario",	15,"México","2017","64,348","27,556","35,228","1,528","36",
"Número_de_personal_sanitario",	16,"Michoacán_de_Ocampo","2017","20,595","8,883","11,070","587","55",
"Número_de_personal_sanitario",	17,"Morelos","2017","9,259","3,984","5,105","166","4",
"Número_de_personal_sanitario",	18,"Nayarit","2017","6,040","2,475","3,443","117","5",
"Número_de_personal_sanitario",	19,"Nuevo_León","2017","47,999","30,151","17,437","383","28",
"Número_de_personal_sanitario",	20,"Oaxaca","2017","17,020","7,179","9,375","448","18",
"Número_de_personal_sanitario",	21,"Puebla","2017","27,276","11,839","14,818","595","24",
"Número_de_personal_sanitario",	22,"Querétaro","2017","9,844","4,715","4,898","231","0",
"Número_de_personal_sanitario",	23,"Quintana_Roo","2017","7,185","2,970","4,042","158","15",
"Número_de_personal_sanitario",	24,"San_Luis_Potosí","2017","14,475","6,912","7,278","283","2",
"Número_de_personal_sanitario",	25,"Sinaloa","2017","17,139","7,717","9,025","394","3",
"Número_de_personal_sanitario",	26,"Sonora","2017","17,767","7,938","9,571","254","4",
"Número_de_personal_sanitario",	27,"Tabasco","2017","12,425","5,541","6,455","407","22",
"Número_de_personal_sanitario",	28,"Tamaulipas","2017","20,376","8,445","11,562","344","25",
"Número_de_personal_sanitario",	29,"Tlaxcala","2017","6,102","2,674","3,240","154","34",
"Número_de_personal_sanitario",	30,"Veracruz_de_Ignacio_de_la_Llave","2017","33,720","13,817","18,965","907","31",
"Número_de_personal_sanitario",	31,"Yucatán","2017","13,075","5,381","7,478","216","0",
"Número_de_personal_sanitario",	32,"Zacatecas","2017","8,533","3,552","4,783","194","4",
"Número_de_personal_sanitario",	00,"Estados_Unidos_Mexicanos","2016","652,754","286,675","352,583","12,759","737",
"Número_de_personal_sanitario",	01,"Aguascalientes","2016","7,015","2,857","4,033","125","0",
"Número_de_personal_sanitario",	02,"Baja_California","2016","16,762","7,860","8,535","292","75",
"Número_de_personal_sanitario",	03,"Baja_California_Sur","2016","4,678","2,048","2,551","79","0",
"Número_de_personal_sanitario",	04,"Campeche","2016","4,995","2,084","2,784","122","5",
"Número_de_personal_sanitario",	05,"Coahuila_de_Zaragoza","2016","16,158","6,493","9,444","216","5",
"Número_de_personal_sanitario",	06,"Colima","2016","4,475","2,089","2,313","72","1",
"Número_de_personal_sanitario",	07,"Chiapas","2016","21,076","7,811","12,815","428","22",
"Número_de_personal_sanitario",	08,"Chihuahua","2016","22,340","9,816","12,233","291","0",
"Número_de_personal_sanitario",	09,"Ciudad_de_México","2016","97,705","40,716","55,290","1,614","85",
"Número_de_personal_sanitario",	10,"Durango","2016","8,830","3,914","4,716","177","23",
"Número_de_personal_sanitario",	11,"Guanajuato","2016","27,139","11,455","15,180","479","25",
"Número_de_personal_sanitario",	12,"Guerrero","2016","16,463","6,791","9,140","526","6",
"Número_de_personal_sanitario",	13,"Hidalgo","2016","13,229","5,627","7,216","359","27",
"Número_de_personal_sanitario",	14,"Jalisco","2016","46,794","23,253","22,870","655","16",
"Número_de_personal_sanitario",	15,"México","2016","66,922","29,055","36,174","1,616","77",
"Número_de_personal_sanitario",	16,"Michoacán_de_Ocampo","2016","20,010","8,755","10,630","579","46",
"Número_de_personal_sanitario",	17,"Morelos","2016","9,070","3,891","5,010","166","3",
"Número_de_personal_sanitario",	18,"Nayarit","2016","6,027","2,497","3,414","105","11",
"Número_de_personal_sanitario",	19,"Nuevo_León","2016","43,622","25,213","17,988","411","10",
"Número_de_personal_sanitario",	20,"Oaxaca","2016","17,098","7,264","9,383","432","19",
"Número_de_personal_sanitario",	21,"Puebla","2016","26,459","11,405","14,400","592","62",
"Número_de_personal_sanitario",	22,"Querétaro","2016","9,405","4,383","4,799","215","8",
"Número_de_personal_sanitario",	23,"Quintana_Roo","2016","6,958","2,840","3,960","143","15",
"Número_de_personal_sanitario",	24,"San_Luis_Potosí","2016","13,269","5,531","7,449","287","2",
"Número_de_personal_sanitario",	25,"Sinaloa","2016","15,944","6,999","8,570","341","34",
"Número_de_personal_sanitario",	26,"Sonora","2016","17,317","7,488","9,577","251","1",
"Número_de_personal_sanitario",	27,"Tabasco","2016","12,125","5,311","6,399","392","23",
"Número_de_personal_sanitario",	28,"Tamaulipas","2016","19,749","8,122","11,249","366","12",
"Número_de_personal_sanitario",	29,"Tlaxcala","2016","6,022","2,676","3,157","155","34",
"Número_de_personal_sanitario",	30,"Veracruz_de_Ignacio_de_la_Llave","2016","33,737","13,635","19,136","887","79",
"Número_de_personal_sanitario",	31,"Yucatán","2016","13,011","5,277","7,530","204","0",
"Número_de_personal_sanitario",	32,"Zacatecas","2016","8,350","3,519","4,638","182","11",
"Número_de_personal_sanitario",	00,"Estados_Unidos_Mexicanos","2015","633,131","283,275","336,134","12,933","789",
"Número_de_personal_sanitario",	01,"Aguascalientes","2015","7,045","2,833","4,087","125","0",
"Número_de_personal_sanitario",	02,"Baja_California","2015","16,329","7,515","8,472","271","71",
"Número_de_personal_sanitario",	03,"Baja_California_Sur","2015","4,363","1,897","2,345","82","39",
"Número_de_personal_sanitario",	04,"Campeche","2015","4,879","2,003","2,763","109","4",
"Número_de_personal_sanitario",	05,"Coahuila_de_Zaragoza","2015","15,533","6,429","8,878","222","4",
"Número_de_personal_sanitario",	06,"Colima","2015","4,275","1,940","2,253","79","3",
"Número_de_personal_sanitario",	07,"Chiapas","2015","18,673","7,050","11,167","435","21",
"Número_de_personal_sanitario",	08,"Chihuahua","2015","20,996","8,647","12,085","262","2",
"Número_de_personal_sanitario",	09,"Ciudad_de_México","2015","94,822","40,243","52,715","1,764","100",
"Número_de_personal_sanitario",	10,"Durango","2015","8,640","3,770","4,667","178","25",
"Número_de_personal_sanitario",	11,"Guanajuato","2015","26,131","11,260","14,357","479","35",
"Número_de_personal_sanitario",	12,"Guerrero","2015","15,638","6,547","8,549","532","10",
"Número_de_personal_sanitario",	13,"Hidalgo","2015","12,994","5,577","7,037","355","25",
"Número_de_personal_sanitario",	14,"Jalisco","2015","47,202","23,611","22,886","683","22",
"Número_de_personal_sanitario",	15,"México","2015","62,392","27,520","33,273","1,528","71",
"Número_de_personal_sanitario",	16,"Michoacán_de_Ocampo","2015","19,894","8,707","10,555","576","56",
"Número_de_personal_sanitario",	17,"Morelos","2015","8,844","3,705","4,960","178","1",
"Número_de_personal_sanitario",	18,"Nayarit","2015","6,132","2,761","3,240","127","4",
"Número_de_personal_sanitario",	19,"Nuevo_León","2015","45,724","28,665","16,641","406","12",
"Número_de_personal_sanitario",	20,"Oaxaca","2015","16,237","6,924","8,876","418","19",
"Número_de_personal_sanitario",	21,"Puebla","2015","25,658","11,225","13,760","626","47",
"Número_de_personal_sanitario",	22,"Querétaro","2015","9,127","4,304","4,620","195","8",
"Número_de_personal_sanitario",	23,"Quintana_Roo","2015","6,630","2,740","3,728","147","15",
"Número_de_personal_sanitario",	24,"San_Luis_Potosí","2015","12,041","5,308","6,389","276","68",
"Número_de_personal_sanitario",	25,"Sinaloa","2015","14,867","6,402","8,117","341","7",
"Número_de_personal_sanitario",	26,"Sonora","2015","17,082","7,653","9,167","259","3",
"Número_de_personal_sanitario",	27,"Tabasco","2015","11,890","5,237","6,226","409","18",
"Número_de_personal_sanitario",	28,"Tamaulipas","2015","19,562","8,136","11,032","379","15",
"Número_de_personal_sanitario",	29,"Tlaxcala","2015","5,930","2,617","3,103","176","34",
"Número_de_personal_sanitario",	30,"Veracruz_de_Ignacio_de_la_Llave","2015","32,920","13,582","18,368","927","43",
"Número_de_personal_sanitario",	31,"Yucatán","2015","12,466","5,022","7,233","209","2",
"Número_de_personal_sanitario",	32,"Zacatecas","2015","8,215","3,445","4,585","180","5",
"Número_de_personal_sanitario",	00,"Estados_Unidos_Mexicanos","2014","604,886","267,949","323,738","12,485","714",
"Número_de_personal_sanitario",	01,"Aguascalientes","2014","6,767","2,723","3,922","122","0",
"Número_de_personal_sanitario",	02,"Baja_California","2014","15,476","7,003","8,174","256","43",
"Número_de_personal_sanitario",	03,"Baja_California_Sur","2014","4,117","1,773","2,246","70","28",
"Número_de_personal_sanitario",	04,"Campeche","2014","4,753","2,014","2,637","98","4",
"Número_de_personal_sanitario",	05,"Coahuila_de_Zaragoza","2014","14,787","5,771","8,745","242","29",
"Número_de_personal_sanitario",	06,"Colima","2014","4,058","1,825","2,148","82","3",
"Número_de_personal_sanitario",	07,"Chiapas","2014","18,134","6,803","10,911","399","21",
"Número_de_personal_sanitario",	08,"Chihuahua","2014","19,678","8,425","10,991","261","1",
"Número_de_personal_sanitario",	09,"Ciudad_de_México","2014","92,233","38,742","51,714","1,695","82",
"Número_de_personal_sanitario",	10,"Durango","2014","8,287","3,597","4,503","174","13",
"Número_de_personal_sanitario",	11,"Guanajuato","2014","24,809","10,834","13,465","467","43",
"Número_de_personal_sanitario",	12,"Guerrero","2014","14,684","6,314","7,878","481","11",
"Número_de_personal_sanitario",	13,"Hidalgo","2014","12,665","5,397","6,895","353","20",
"Número_de_personal_sanitario",	14,"Jalisco","2014","44,216","22,144","21,436","624","12",
"Número_de_personal_sanitario",	15,"México","2014","59,606","26,078","32,013","1,462","53",
"Número_de_personal_sanitario",	16,"Michoacán_de_Ocampo","2014","19,619","8,655","10,343","557","64",
"Número_de_personal_sanitario",	17,"Morelos","2014","8,608","3,590","4,842","175","1",
"Número_de_personal_sanitario",	18,"Nayarit","2014","5,576","2,429","3,012","129","6",
"Número_de_personal_sanitario",	19,"Nuevo_León","2014","42,180","25,307","16,453","407","13",
"Número_de_personal_sanitario",	20,"Oaxaca","2014","16,067","6,806","8,802","441","18",
"Número_de_personal_sanitario",	21,"Puebla","2014","24,544","10,810","13,104","599","31",
"Número_de_personal_sanitario",	22,"Querétaro","2014","8,778","4,137","4,442","190","9",
"Número_de_personal_sanitario",	23,"Quintana_Roo","2014","6,354","2,664","3,529","146","15",
"Número_de_personal_sanitario",	24,"San_Luis_Potosí","2014","11,982","5,324","6,314","272","72",
"Número_de_personal_sanitario",	25,"Sinaloa","2014","14,490","6,151","7,991","342","6",
"Número_de_personal_sanitario",	26,"Sonora","2014","16,691","7,352","9,083","253","3",
"Número_de_personal_sanitario",	27,"Tabasco","2014","11,447","4,899","6,121","409","18",
"Número_de_personal_sanitario",	28,"Tamaulipas","2014","18,710","7,618","10,713","364","15",
"Número_de_personal_sanitario",	29,"Tlaxcala","2014","5,861","2,576","3,096","155","34",
"Número_de_personal_sanitario",	30,"Veracruz_de_Ignacio_de_la_Llave","2014","30,855","12,308","17,617","891","39",
"Número_de_personal_sanitario",	31,"Yucatán","2014","10,888","4,646","6,049","191","2",
"Número_de_personal_sanitario",	32,"Zacatecas","2014","7,966","3,234","4,549","178","5",
"Número_de_personal_sanitario",	00,"Estados_Unidos_Mexicanos","2013","578,782","256,131","310,158","11,819","674",
"Número_de_personal_sanitario",	01,"Aguascalientes","2013","6,839","2,813","3,906","120","0",
"Número_de_personal_sanitario",	02,"Baja_California","2013","15,220","7,021","7,911","276","12",
"Número_de_personal_sanitario",	03,"Baja_California_Sur","2013","3,957","1,723","2,144","72","18",
"Número_de_personal_sanitario",	04,"Campeche","2013","4,812","2,049","2,651","104","8",
"Número_de_personal_sanitario",	05,"Coahuila_de_Zaragoza","2013","14,466","5,722","8,467","260","17",
"Número_de_personal_sanitario",	06,"Colima","2013","4,021","1,819","2,113","86","3",
"Número_de_personal_sanitario",	07,"Chiapas","2013","17,445","6,625","10,409","387","24",
"Número_de_personal_sanitario",	08,"Chihuahua","2013","19,215","8,430","10,536","247","2",
"Número_de_personal_sanitario",	09,"Ciudad_de_México","2013","90,820","38,409","50,673","1,606","132",
"Número_de_personal_sanitario",	10,"Durango","2013","7,986","3,399","4,405","169","13",
"Número_de_personal_sanitario",	11,"Guanajuato","2013","24,079","10,734","12,845","457","43",
"Número_de_personal_sanitario",	12,"Guerrero","2013","12,800","5,483","6,949","353","15",
"Número_de_personal_sanitario",	13,"Hidalgo","2013","11,965","4,949","6,652","342","22",
"Número_de_personal_sanitario",	14,"Jalisco","2013","40,889","19,405","20,892","586","6",
"Número_de_personal_sanitario",	15,"México","2013","57,012","25,033","30,549","1,375","55",
"Número_de_personal_sanitario",	16,"Michoacán_de_Ocampo","2013","19,352","8,666","10,146","530","10",
"Número_de_personal_sanitario",	17,"Morelos","2013","8,211","3,352","4,688","171","0",
"Número_de_personal_sanitario",	18,"Nayarit","2013","5,526","2,425","2,966","129","6",
"Número_de_personal_sanitario",	19,"Nuevo_León","2013","40,202","23,930","15,874","367","31",
"Número_de_personal_sanitario",	20,"Oaxaca","2013","15,398","6,443","8,499","443","13",
"Número_de_personal_sanitario",	21,"Puebla","2013","22,039","9,413","12,040","539","47",
"Número_de_personal_sanitario",	22,"Querétaro","2013","8,573","3,984","4,405","182","2",
"Número_de_personal_sanitario",	23,"Quintana_Roo","2013","5,975","2,489","3,345","135","6",
"Número_de_personal_sanitario",	24,"San_Luis_Potosí","2013","12,005","5,298","6,370","265","72",
"Número_de_personal_sanitario",	25,"Sinaloa","2013","12,976","5,512","7,134","323","7",
"Número_de_personal_sanitario",	26,"Sonora","2013","15,353","6,985","8,167","198","3",
"Número_de_personal_sanitario",	27,"Tabasco","2013","10,774","4,524","5,833","398","19",
"Número_de_personal_sanitario",	28,"Tamaulipas","2013","17,889","7,434","10,073","347","35",
"Número_de_personal_sanitario",	29,"Tlaxcala","2013","5,727","2,521","3,033","158","15",
"Número_de_personal_sanitario",	30,"Veracruz_de_Ignacio_de_la_Llave","2013","29,518","11,986","16,639","861","32",
"Número_de_personal_sanitario",	31,"Yucatán","2013","10,482","4,495","5,814","172","1",
"Número_de_personal_sanitario",	32,"Zacatecas","2013","7,256","3,060","4,030","161","5",
"Número_de_personal_sanitario",	00,"Estados_Unidos_Mexicanos","2012","558,556","247,663","298,907","11,319","667",
"Número_de_personal_sanitario",	01,"Aguascalientes","2012","6,487","2,544","3,823","120","0",
"Número_de_personal_sanitario",	02,"Baja_California","2012","14,594","6,395","7,927","260","12",
"Número_de_personal_sanitario",	03,"Baja_California_Sur","2012","3,942","1,724","2,127","72","19",
"Número_de_personal_sanitario",	04,"Campeche","2012","4,715","2,052","2,559","95","9",
"Número_de_personal_sanitario",	05,"Coahuila_de_Zaragoza","2012","13,124","5,394","7,519","207","4",
"Número_de_personal_sanitario",	06,"Colima","2012","3,814","1,662","2,070","79","3",
"Número_de_personal_sanitario",	07,"Chiapas","2012","15,271","5,964","8,948","336","23",
"Número_de_personal_sanitario",	08,"Chihuahua","2012","18,749","8,382","10,124","242","1",
"Número_de_personal_sanitario",	09,"Ciudad_de_México","2012","87,393","35,981","49,767","1,537","108",
"Número_de_personal_sanitario",	10,"Durango","2012","7,888","3,360","4,324","184","20",
"Número_de_personal_sanitario",	11,"Guanajuato","2012","23,618","10,433","12,691","451","43",
"Número_de_personal_sanitario",	12,"Guerrero","2012","12,370","5,370","6,657","328","15",
"Número_de_personal_sanitario",	13,"Hidalgo","2012","11,960","4,963","6,621","352","24",
"Número_de_personal_sanitario",	14,"Jalisco","2012","39,986","18,935","20,509","532","10",
"Número_de_personal_sanitario",	15,"México","2012","54,643","24,413","28,845","1,342","43",
"Número_de_personal_sanitario",	16,"Michoacán_de_Ocampo","2012","18,875","8,558","9,794","503","20",
"Número_de_personal_sanitario",	17,"Morelos","2012","7,437","3,072","4,204","160","1",
"Número_de_personal_sanitario",	18,"Nayarit","2012","5,640","2,559","2,942","132","7",
"Número_de_personal_sanitario",	19,"Nuevo_León","2012","37,173","22,525","14,231","374","43",
"Número_de_personal_sanitario",	20,"Oaxaca","2012","15,089","6,382","8,287","405","15",
"Número_de_personal_sanitario",	21,"Puebla","2012","22,118","9,619","11,874","572","53",
"Número_de_personal_sanitario",	22,"Querétaro","2012","8,351","3,875","4,292","182","2",
"Número_de_personal_sanitario",	23,"Quintana_Roo","2012","6,017","2,467","3,429","117","4",
"Número_de_personal_sanitario",	24,"San_Luis_Potosí","2012","11,898","5,222","6,351","253","72",
"Número_de_personal_sanitario",	25,"Sinaloa","2012","12,686","5,394","6,977","308","7",
"Número_de_personal_sanitario",	26,"Sonora","2012","14,758","7,010","7,562","183","3",
"Número_de_personal_sanitario",	27,"Tabasco","2012","10,558","4,489","5,680","379","10",
"Número_de_personal_sanitario",	28,"Tamaulipas","2012","17,436","7,148","9,921","332","35",
"Número_de_personal_sanitario",	29,"Tlaxcala","2012","5,679","2,507","2,988","163","21",
"Número_de_personal_sanitario",	30,"Veracruz_de_Ignacio_de_la_Llave","2012","29,053","11,923","16,313","785","32",
"Número_de_personal_sanitario",	31,"Yucatán","2012","10,286","4,350","5,754","179","3",
"Número_de_personal_sanitario",	32,"Zacatecas","2012","6,948","2,991","3,797","155","5",
