"Periodo","cvegeo","Entidad_federativa","Población_de_65_años_o_más_que_recibe_una_jubilación_o_pensión_igual_o_mayor_al_valor_promedio_de_la_línea_de_pobreza_por_ingresos",
"2022",	00,"Estados Unidos Mexicanos","NA",
"2022",	01,"Aguascalientes","44.882 a/ ",
"2022",	02,"Baja California","114.618 a/ ",
"2022",	03,"Baja California Sur","26.223 a/ ",
"2022",	04,"Campeche","20.981 a/ ",
"2022",	05,"Coahuila de Zaragoza","126.717 a/ ",
"2022",	06,"Colima","28.162 a/ ",
"2022",	07,"Chiapas","50.806 a/ ",
"2022",	08,"Chihuahua","133.758 a/ ",
"2022",	09,"Ciudad de México","559.637 a/ ",
"2022",	10,"Durango","59.386 a/ ",
"2022",	11,"Guanajuato","123.718 a/ ",
"2022",	12,"Guerrero","54.596 a/ ",
"2022",	13,"Hidalgo","64.263 a/ ",
"2022",	14,"Jalisco","275.959 a/ ",
"2022",	15,"México","458.266 a/ ",
"2022",	16,"Michoacán de Ocampo","106.097 a/ ",
"2022",	17,"Morelos","64.164 a/ ",
"2022",	18,"Nayarit","41.719 a/ ",
"2022",	19,"Nuevo León","301.537 a/ ",
"2022",	20,"Oaxaca","49.757 a/ ",
"2022",	21,"Puebla","93.853 a/ ",
"2022",	22,"Querétaro","60.983 a/ ",
"2022",	23,"Quintana Roo","37.383 a/ ",
"2022",	24,"San Luis Potosí","86.45 a/ ",
"2022",	25,"Sinaloa","132.47 a/ ",
"2022",	26,"Sonora","125.62 a/ ",
"2022",	27,"Tabasco","38.9 a/ ",
"2022",	28,"Tamaulipas","132.468 a/ ",
"2022",	29,"Tlaxcala","25.182 a/ ",
"2022",	30,"Veracruz de Ignacio de la Llave","193.246 a/ ",
"2022",	31,"Yucatán","89.358 a/ ",
"2022",	32,"Zacatecas","33.139 a/ ",
"2020",	00,"Estados Unidos Mexicanos","NA",
"2020",	01,"Aguascalientes","33.604 a/ ",
"2020",	02,"Baja California","102.792 a/ ",
"2020",	03,"Baja California Sur","19.565 a/ ",
"2020",	04,"Campeche","17.201 a/ ",
"2020",	05,"Coahuila de Zaragoza","107.326 a/ ",
"2020",	06,"Colima","22.865 a/ ",
"2020",	07,"Chiapas","43.062 a/ ",
"2020",	08,"Chihuahua","97.308 a/ ",
"2020",	09,"Ciudad de México","485.057 a/ ",
"2020",	10,"Durango","48.369 a/ ",
"2020",	11,"Guanajuato","111.121 a/ ",
"2020",	12,"Guerrero","39.644 a/ ",
"2020",	13,"Hidalgo","53.426 a/ ",
"2020",	14,"Jalisco","253.028 a/ ",
"2020",	15,"México","377.235 a/ ",
"2020",	16,"Michoacán de Ocampo","70.517 a/ ",
"2020",	17,"Morelos","49.244 a/ ",
"2020",	18,"Nayarit","37.669 a/ ",
"2020",	19,"Nuevo León","262.373 a/ ",
"2020",	20,"Oaxaca","49.734 a/ ",
"2020",	21,"Puebla","88.661 a/ ",
"2020",	22,"Querétaro","59.522 a/ ",
"2020",	23,"Quintana Roo","20.831 a/ ",
"2020",	24,"San Luis Potosí","58.819 a/ ",
"2020",	25,"Sinaloa","101.018 a/ ",
"2020",	26,"Sonora","111.578 a/ ",
"2020",	27,"Tabasco","35.618 a/ ",
"2020",	28,"Tamaulipas","89.05 a/ ",
"2020",	29,"Tlaxcala","20.53 a/ ",
"2020",	30,"Veracruz de Ignacio de la Llave","154.427 a/ ",
"2020",	31,"Yucatán","62.46 a/ ",
"2020",	32,"Zacatecas","29.217 a/ ",
"2018",	00,"Estados Unidos Mexicanos","NA",
"2018",	01,"Aguascalientes","25.426 a/ ",
"2018",	02,"Baja California","66.726 a/ ",
"2018",	03,"Baja California Sur","14.322 a/ ",
"2018",	04,"Campeche","9.713 a/ ",
"2018",	05,"Coahuila de Zaragoza","57.499 a/ ",
"2018",	06,"Colima","12.828 a/ ",
"2018",	07,"Chiapas","ND b/ ",
"2018",	08,"Chihuahua","57.442 a/ ",
"2018",	09,"Ciudad de México","361.837 a/ ",
"2018",	10,"Durango","25.534 a/ ",
"2018",	11,"Guanajuato","57.666 a/ ",
"2018",	12,"Guerrero","24.75 c/ ",
"2018",	13,"Hidalgo","37.631 a/ ",
"2018",	14,"Jalisco","119.694 a/ ",
"2018",	15,"México","224.461 a/ ",
"2018",	16,"Michoacán de Ocampo","61.317 a/ ",
"2018",	17,"Morelos","27.115 a/ ",
"2018",	18,"Nayarit","19.655 a/ ",
"2018",	19,"Nuevo León","115.157 a/ ",
"2018",	20,"Oaxaca","29.441 a/ ",
"2018",	21,"Puebla","43.144 c/ ",
"2018",	22,"Querétaro","37.008 a/ ",
"2018",	23,"Quintana Roo","13.339 a/ ",
"2018",	24,"San Luis Potosí","32.354 a/ ",
"2018",	25,"Sinaloa","56.702 a/ ",
"2018",	26,"Sonora","57.948 a/ ",
"2018",	27,"Tabasco","16.976 c/ ",
"2018",	28,"Tamaulipas","77.423 a/ ",
"2018",	29,"Tlaxcala","12.479 a/ ",
"2018",	30,"Veracruz de Ignacio de la Llave","113.011 a/ ",
"2018",	31,"Yucatán","30.22 a/ ",
"2018",	32,"Zacatecas","13.425 a/ ",
"2016",	00,"Estados Unidos Mexicanos","NA",
"2016",	01,"Aguascalientes","19.399 a/ ",
"2016",	02,"Baja California","58.808 a/ ",
"2016",	03,"Baja California Sur","10.631 a/ ",
"2016",	04,"Campeche","7.889 a/ ",
"2016",	05,"Coahuila de Zaragoza","54.047 a/ ",
"2016",	06,"Colima","9.916 a/ ",
"2016",	07,"Chiapas","16.464 c/ ",
"2016",	08,"Chihuahua","38.598 a/ ",
"2016",	09,"Ciudad de México","395.245 a/ ",
"2016",	10,"Durango","28.003 a/ ",
"2016",	11,"Guanajuato","64.298 a/ ",
"2016",	12,"Guerrero","41.158 c/ ",
"2016",	13,"Hidalgo","20.697 c/ ",
"2016",	14,"Jalisco","115.082 a/ ",
"2016",	15,"México","343.435 a/ ",
"2016",	16,"Michoacán de Ocampo","50.002 a/ ",
"2016",	17,"Morelos","34.207 a/ ",
"2016",	18,"Nayarit","16.005 a/ ",
"2016",	19,"Nuevo León","110.712 a/ ",
"2016",	20,"Oaxaca","27.064 a/ ",
"2016",	21,"Puebla","70.867 a/ ",
"2016",	22,"Querétaro","35.921 a/ ",
"2016",	23,"Quintana Roo","17.337 a/ ",
"2016",	24,"San Luis Potosí","26.184 c/ ",
"2016",	25,"Sinaloa","63.606 a/ ",
"2016",	26,"Sonora","58.321 a/ ",
"2016",	27,"Tabasco","13.294 c/ ",
"2016",	28,"Tamaulipas","59.58 a/ ",
"2016",	29,"Tlaxcala","12.114 a/ ",
"2016",	30,"Veracruz de Ignacio de la Llave","97.63 a/ ",
"2016",	31,"Yucatán","32.847 a/ ",
"2016",	32,"Zacatecas","18.14 a/ ",
