"Serie","cvegeo","Entidad_federativa","Periodo","Deciles|Total","Deciles|I","Deciles|II","Deciles|III","Deciles|IV","Deciles|V","Deciles|VI","Deciles|VII","Deciles|VIII","Deciles|IX","Deciles|X",
"Ingreso_corriente_total_trimestral_con_transferencias",	00,"Estados_Unidos_Mexicanos","2024","3,023,470,933","65,216,638","109,877,218","143,068,454","175,685,494","210,877,899","250,842,316","300,743,200","370,017,966","480,378,232","916,763,516",
"Ingreso_corriente_total_trimestral_con_transferencias",	01,"Aguascalientes","2024","39,125,805","1,067,788","1,627,931","2,036,024","2,463,310","2,919,970","3,360,367","4,006,448","4,771,010","6,072,307","10,800,650",
"Ingreso_corriente_total_trimestral_con_transferencias",	02,"Baja_California","2024","120,588,695","3,482,916","5,368,309","6,754,595","8,010,164","9,176,948","10,589,706","12,332,881","14,859,915","18,587,392","31,425,869",
"Ingreso_corriente_total_trimestral_con_transferencias",	03,"Baja_California_Sur","2024","29,305,435","736,371","1,237,483","1,588,729","1,921,442","2,248,058","2,658,212","3,120,940","3,733,707","4,622,019","7,438,475",
"Ingreso_corriente_total_trimestral_con_transferencias",	04,"Campeche","2024","18,207,484","412,223","699,948","896,842","1,090,285","1,301,301","1,519,662","1,822,177","2,222,591","2,930,816","5,311,639",
"Ingreso_corriente_total_trimestral_con_transferencias",	05,"Coahuila_de_Zaragoza","2024","89,041,230","2,391,143","3,734,558","4,726,543","5,691,505","6,726,392","7,858,157","9,273,480","11,194,625","14,023,476","23,421,352",
"Ingreso_corriente_total_trimestral_con_transferencias",	06,"Colima","2024","21,072,517","538,294","855,808","1,077,807","1,296,714","1,544,232","1,802,951","2,169,583","2,598,662","3,300,805","5,887,663",
"Ingreso_corriente_total_trimestral_con_transferencias",	07,"Chiapas","2024","63,861,559","1,479,033","2,408,231","3,102,362","3,796,213","4,527,892","5,473,046","6,549,122","7,915,749","10,294,510","18,315,403",
"Ingreso_corriente_total_trimestral_con_transferencias",	08,"Chihuahua","2024","112,713,387","2,452,552","4,410,235","5,760,382","7,050,895","8,267,334","9,735,450","11,438,024","13,860,990","17,543,310","32,194,216",
"Ingreso_corriente_total_trimestral_con_transferencias",	09,"Ciudad_de_México","2024","341,167,226","7,658,336","12,432,402","15,868,487","19,261,230","23,322,806","27,661,970","33,777,521","41,895,072","54,779,571","104,509,830",
"Ingreso_corriente_total_trimestral_con_transferencias",	10,"Durango","2024","37,378,041","862,173","1,470,570","1,911,931","2,365,458","2,858,158","3,344,800","3,934,414","4,690,874","5,914,999","10,024,663",
"Ingreso_corriente_total_trimestral_con_transferencias",	11,"Guanajuato","2024","133,139,455","3,411,219","5,493,663","6,905,533","8,345,949","9,794,116","11,425,263","13,480,251","16,248,420","20,707,708","37,327,334",
"Ingreso_corriente_total_trimestral_con_transferencias",	12,"Guerrero","2024","48,782,235","1,024,222","1,704,660","2,285,595","2,786,409","3,317,898","4,006,986","4,895,546","6,039,142","7,955,863","14,765,915",
"Ingreso_corriente_total_trimestral_con_transferencias",	13,"Hidalgo","2024","57,672,621","1,432,037","2,278,615","2,943,269","3,592,034","4,244,432","4,970,771","5,903,713","7,058,640","9,206,374","16,042,735",
"Ingreso_corriente_total_trimestral_con_transferencias",	14,"Jalisco","2024","232,644,355","6,028,282","9,431,293","12,007,071","14,499,807","16,919,745","19,693,923","23,601,267","28,377,989","35,034,020","67,050,959",
"Ingreso_corriente_total_trimestral_con_transferencias",	15,"México","2024","377,791,818","10,966,726","16,559,588","20,280,052","23,830,796","27,567,229","32,009,315","37,457,874","45,655,427","58,459,753","105,005,059",
"Ingreso_corriente_total_trimestral_con_transferencias",	16,"Michoacán_de_Ocampo","2024","98,556,196","2,313,518","3,896,779","5,023,666","5,944,251","6,960,092","8,194,282","9,540,310","11,572,504","14,771,670","30,339,126",
"Ingreso_corriente_total_trimestral_con_transferencias",	17,"Morelos","2024","39,956,519","1,025,497","1,627,709","2,077,508","2,440,448","2,873,276","3,413,015","4,056,577","4,884,041","6,246,168","11,312,280",
"Ingreso_corriente_total_trimestral_con_transferencias",	18,"Nayarit","2024","28,975,602","700,701","1,155,262","1,477,341","1,827,174","2,169,911","2,559,175","3,008,867","3,615,834","4,576,315","7,885,021",
"Ingreso_corriente_total_trimestral_con_transferencias",	19,"Nuevo_León","2024","217,585,413","4,784,094","7,965,285","10,031,192","12,025,333","14,222,235","16,745,646","19,537,061","23,531,795","30,792,588","77,950,185",
"Ingreso_corriente_total_trimestral_con_transferencias",	20,"Oaxaca","2024","63,081,223","1,210,307","2,053,569","2,775,453","3,478,251","4,281,322","5,310,837","6,507,975","8,074,790","10,790,032","18,598,687",
"Ingreso_corriente_total_trimestral_con_transferencias",	21,"Puebla","2024","116,735,208","3,000,605","4,660,492","5,781,916","6,962,011","8,265,527","9,738,835","11,672,051","14,286,999","18,557,934","33,808,838",
"Ingreso_corriente_total_trimestral_con_transferencias",	22,"Querétaro","2024","74,213,582","1,829,908","2,965,027","3,751,899","4,544,622","5,343,899","6,270,293","7,448,534","9,075,851","11,437,694","21,545,856",
"Ingreso_corriente_total_trimestral_con_transferencias",	23,"Quintana_Roo","2024","52,735,921","1,396,064","2,278,875","2,833,489","3,437,621","4,030,956","4,640,962","5,430,172","6,446,536","8,121,033","14,120,214",
"Ingreso_corriente_total_trimestral_con_transferencias",	24,"San_Luis_Potosí","2024","62,412,286","1,218,050","2,089,540","2,798,791","3,506,668","4,313,147","5,264,793","6,401,571","8,038,578","10,466,289","18,314,858",
"Ingreso_corriente_total_trimestral_con_transferencias",	25,"Sinaloa","2024","78,248,695","2,120,625","3,343,961","4,239,364","5,047,840","5,971,705","7,047,605","8,254,528","9,726,740","11,918,547","20,577,779",
"Ingreso_corriente_total_trimestral_con_transferencias",	26,"Sonora","2024","90,087,340","2,148,535","3,518,163","4,472,933","5,431,470","6,439,357","7,592,760","9,138,804","11,150,731","14,204,784","25,989,802",
"Ingreso_corriente_total_trimestral_con_transferencias",	27,"Tabasco","2024","48,868,069","1,108,215","1,819,917","2,305,344","2,801,422","3,342,284","4,006,339","4,800,025","6,013,936","7,820,885","14,849,702",
"Ingreso_corriente_total_trimestral_con_transferencias",	28,"Tamaulipas","2024","85,996,166","2,099,733","3,510,568","4,463,223","5,426,419","6,447,140","7,634,024","9,087,142","10,881,138","13,568,032","22,878,748",
"Ingreso_corriente_total_trimestral_con_transferencias",	29,"Tlaxcala","2024","23,799,370","655,637","1,020,932","1,270,571","1,505,568","1,751,074","2,028,986","2,433,435","2,977,231","3,778,742","6,377,194",
"Ingreso_corriente_total_trimestral_con_transferencias",	30,"Veracruz_de_Ignacio_de_la_Llave","2024","133,446,168","3,544,970","5,367,458","6,750,733","8,014,502","9,377,809","11,274,909","13,452,332","16,171,733","20,563,799","38,927,924",
"Ingreso_corriente_total_trimestral_con_transferencias",	31,"Yucatán","2024","57,363,594","1,348,848","2,183,033","2,831,648","3,449,921","4,106,921","4,771,769","5,650,765","6,718,112","8,705,115","17,597,461",
"Ingreso_corriente_total_trimestral_con_transferencias",	32,"Zacatecas","2024","28,917,718","695,673","1,138,473","1,411,990","1,714,867","2,040,913","2,446,084","2,952,259","3,602,979","4,582,402","8,332,076",
"Ingreso_corriente_total_trimestral_con_transferencias",	00,"Estados_Unidos_Mexicanos","2022","2,392,409,233","50,370,977","84,214,896","109,678,542","135,017,501","162,788,917","195,028,811","234,418,903","288,219,872","378,853,914","753,816,902",
"Ingreso_corriente_total_trimestral_con_transferencias",	01,"Aguascalientes","2022","32,095,763","727,711","1,159,074","1,465,601","1,802,919","2,171,932","2,568,202","3,063,383","3,727,651","5,054,924","10,354,366",
"Ingreso_corriente_total_trimestral_con_transferencias",	02,"Baja_California","2022","106,307,722","2,629,825","4,297,933","5,609,739","6,775,976","7,951,501","9,255,641","10,888,936","13,008,671","16,540,656","29,348,844",
"Ingreso_corriente_total_trimestral_con_transferencias",	03,"Baja_California_Sur","2022","25,113,562","570,657","980,134","1,259,279","1,533,790","1,805,325","2,128,098","2,513,663","3,077,768","3,957,965","7,286,883",
"Ingreso_corriente_total_trimestral_con_transferencias",	04,"Campeche","2022","15,646,148","333,401","557,288","726,730","876,480","1,033,099","1,230,577","1,499,086","1,866,939","2,453,500","5,069,048",
"Ingreso_corriente_total_trimestral_con_transferencias",	05,"Coahuila_de_Zaragoza","2022","72,375,777","1,738,095","2,799,841","3,631,951","4,408,713","5,253,993","6,231,713","7,403,868","8,901,798","11,265,735","20,740,072",
"Ingreso_corriente_total_trimestral_con_transferencias",	06,"Colima","2022","17,158,962","440,180","691,045","878,637","1,068,038","1,276,089","1,499,470","1,775,793","2,141,036","2,735,740","4,652,935",
"Ingreso_corriente_total_trimestral_con_transferencias",	07,"Chiapas","2022","57,710,454","1,234,875","2,044,560","2,599,794","3,122,718","3,713,519","4,475,692","5,532,084","6,952,968","9,166,476","18,867,768",
"Ingreso_corriente_total_trimestral_con_transferencias",	08,"Chihuahua","2022","98,062,753","1,921,206","3,360,980","4,371,912","5,383,446","6,463,931","7,660,726","9,104,272","11,151,957","14,565,642","34,078,682",
"Ingreso_corriente_total_trimestral_con_transferencias",	09,"Ciudad_de_México","2022","267,040,379","6,019,956","9,852,569","12,411,338","15,048,412","17,627,843","20,514,813","24,536,935","30,596,585","41,862,246","88,569,682",
"Ingreso_corriente_total_trimestral_con_transferencias",	10,"Durango","2022","29,931,114","629,179","1,128,833","1,479,696","1,823,568","2,205,512","2,627,230","3,103,887","3,780,249","4,864,365","8,288,595",
"Ingreso_corriente_total_trimestral_con_transferencias",	11,"Guanajuato","2022","102,432,527","2,689,859","4,242,815","5,331,474","6,418,387","7,606,483","8,799,608","10,176,408","12,214,849","15,871,349","29,081,296",
"Ingreso_corriente_total_trimestral_con_transferencias",	12,"Guerrero","2022","42,994,252","888,435","1,424,429","1,906,152","2,372,216","2,873,332","3,468,565","4,176,929","5,205,649","6,906,450","13,772,094",
"Ingreso_corriente_total_trimestral_con_transferencias",	13,"Hidalgo","2022","48,014,742","1,113,470","1,828,188","2,371,199","2,873,497","3,418,082","4,074,530","4,875,861","5,858,245","7,407,749","14,193,921",
"Ingreso_corriente_total_trimestral_con_transferencias",	14,"Jalisco","2022","175,423,538","4,575,307","7,168,169","9,195,925","11,018,952","12,894,602","15,137,940","17,948,673","21,655,427","27,246,733","48,581,809",
"Ingreso_corriente_total_trimestral_con_transferencias",	15,"México","2022","278,704,554","7,715,853","11,595,185","14,338,253","17,147,969","19,868,372","23,099,058","27,367,046","33,168,746","42,904,803","81,499,269",
"Ingreso_corriente_total_trimestral_con_transferencias",	16,"Michoacán_de_Ocampo","2022","81,352,047","1,916,023","2,984,763","3,842,555","4,659,408","5,572,674","6,643,886","7,919,670","9,577,103","12,308,769","25,927,196",
"Ingreso_corriente_total_trimestral_con_transferencias",	17,"Morelos","2022","34,543,329","846,172","1,324,421","1,666,587","1,979,939","2,352,734","2,790,486","3,353,900","4,083,814","5,331,901","10,813,375",
"Ingreso_corriente_total_trimestral_con_transferencias",	18,"Nayarit","2022","25,176,315","510,133","915,095","1,192,596","1,455,445","1,736,009","2,047,322","2,444,858","2,939,311","3,782,509","8,153,038",
"Ingreso_corriente_total_trimestral_con_transferencias",	19,"Nuevo_León","2022","157,311,669","3,707,787","5,968,691","7,526,716","9,219,003","10,995,658","12,952,367","15,351,347","18,958,653","24,485,868","48,145,578",
"Ingreso_corriente_total_trimestral_con_transferencias",	20,"Oaxaca","2022","52,258,394","1,017,778","1,691,332","2,249,569","2,780,580","3,395,648","4,098,927","5,058,351","6,288,648","8,226,838","17,450,724",
"Ingreso_corriente_total_trimestral_con_transferencias",	21,"Puebla","2022","89,500,091","2,214,072","3,447,933","4,416,668","5,293,913","6,322,225","7,533,379","8,993,036","10,915,650","14,003,443","26,359,772",
"Ingreso_corriente_total_trimestral_con_transferencias",	22,"Querétaro","2022","53,429,081","1,283,033","2,073,619","2,605,071","3,205,729","3,843,014","4,596,431","5,514,244","6,676,184","8,472,575","15,159,181",
"Ingreso_corriente_total_trimestral_con_transferencias",	23,"Quintana_Roo","2022","42,518,719","1,022,077","1,691,144","2,156,435","2,609,679","3,085,612","3,621,957","4,254,901","5,127,088","6,714,075","12,235,751",
"Ingreso_corriente_total_trimestral_con_transferencias",	24,"San_Luis_Potosí","2022","48,433,419","1,024,552","1,643,064","2,202,898","2,768,744","3,370,949","4,045,914","4,928,852","6,110,325","8,065,496","14,272,625",
"Ingreso_corriente_total_trimestral_con_transferencias",	25,"Sinaloa","2022","64,398,491","1,564,542","2,575,597","3,285,345","3,938,088","4,674,752","5,522,090","6,489,231","7,812,271","9,884,007","18,652,568",
"Ingreso_corriente_total_trimestral_con_transferencias",	26,"Sonora","2022","70,495,622","1,591,993","2,645,290","3,401,031","4,122,880","4,887,713","5,827,711","7,020,459","8,603,741","11,211,607","21,183,196",
"Ingreso_corriente_total_trimestral_con_transferencias",	27,"Tabasco","2022","36,581,093","894,337","1,356,298","1,707,665","2,061,865","2,451,661","2,911,585","3,535,683","4,464,258","6,105,336","11,092,403",
"Ingreso_corriente_total_trimestral_con_transferencias",	28,"Tamaulipas","2022","70,547,810","1,591,502","2,686,895","3,446,546","4,230,897","5,062,663","6,111,875","7,281,760","8,764,543","11,189,802","20,181,327",
"Ingreso_corriente_total_trimestral_con_transferencias",	29,"Tlaxcala","2022","16,760,746","494,949","743,847","921,777","1,085,913","1,261,483","1,463,661","1,694,848","2,023,678","2,542,222","4,528,368",
"Ingreso_corriente_total_trimestral_con_transferencias",	30,"Veracruz_de_Ignacio_de_la_Llave","2022","114,536,446","2,569,539","4,280,626","5,414,036","6,600,703","7,773,619","9,110,457","10,981,218","13,729,289","18,063,794","36,013,166",
"Ingreso_corriente_total_trimestral_con_transferencias",	31,"Yucatán","2022","42,646,396","976,037","1,557,336","2,024,680","2,472,161","2,942,194","3,436,528","4,094,579","4,989,709","6,612,849","13,540,323",
"Ingreso_corriente_total_trimestral_con_transferencias",	32,"Zacatecas","2022","22,907,316","523,554","850,861","1,089,558","1,319,798","1,582,925","1,917,432","2,243,181","2,756,833","3,626,503","6,996,670",
"Ingreso_corriente_total_trimestral_con_transferencias",	00,"Estados_Unidos_Mexicanos","2020","1,798,540,790","35,527,207.6","60,282,745.42","79,627,746.29","98,520,269.4","119,284,527.9","143,383,243.3","173,994,318.1","216,634,974.3","287,558,579.7","583,727,177.7",
"Ingreso_corriente_total_trimestral_con_transferencias",	01,"Aguascalientes","2020","22,908,837.57","510,085.989","866,178.9732","1,141,134.17","1,373,347.739","1,639,644.944","1,941,349.16","2,320,738.67","2,839,909.613","3,706,019.499","6,570,428.812",
"Ingreso_corriente_total_trimestral_con_transferencias",	02,"Baja_California","2020","78,056,857.24","1,693,950.408","2,882,669.321","3,716,391.972","4,533,010.059","5,360,624.724","6,269,025.841","7,473,559.632","9,157,062.783","11,916,771.08","25,053,791.42",
"Ingreso_corriente_total_trimestral_con_transferencias",	03,"Baja_California_Sur","2020","15,998,280.02","335,431.8298","600,765.3298","773,528.5403","943,455.5647","1,122,923.733","1,326,876.409","1,601,655.887","1,971,172.79","2,560,494.967","4,761,974.97",
"Ingreso_corriente_total_trimestral_con_transferencias",	04,"Campeche","2020","12,310,190.04","229,220.7327","392,932.555","518,034.8545","635,719.331","777,584.2202","948,599.6857","1,159,387.677","1,498,333.618","2,077,363.931","4,073,013.433",
"Ingreso_corriente_total_trimestral_con_transferencias",	05,"Coahuila_de_Zaragoza","2020","50,836,436.18","1,157,859.294","1,879,594.356","2,434,258.32","3,009,575.323","3,625,151.007","4,332,527.317","5,166,440.969","6,313,193.081","8,230,070.386","14,687,766.12",
"Ingreso_corriente_total_trimestral_con_transferencias",	06,"Colima","2020","13,103,810.71","303,317.3838","497,929.948","647,796.3187","788,544.2977","951,353.4715","1,145,079.913","1,359,486.065","1,625,858.449","2,037,226.712","3,747,218.152",
"Ingreso_corriente_total_trimestral_con_transferencias",	07,"Chiapas","2020","41,844,464.43","983,923.3338","1,461,417.086","1,862,931.413","2,275,159.938","2,754,227.458","3,262,949.188","3,964,791.185","4,902,855.412","6,684,724.779","13,691,484.63",
"Ingreso_corriente_total_trimestral_con_transferencias",	08,"Chihuahua","2020","68,633,000.55","1,335,339.643","2,365,060.094","3,077,991.692","3,783,958.632","4,528,490.504","5,345,338.514","6,441,262.563","7,959,179.535","10,486,001.32","23,310,378.05",
"Ingreso_corriente_total_trimestral_con_transferencias",	09,"Ciudad_de_México","2020","183,997,155.5","4,127,244.876","6,483,236.619","8,255,880.042","10,324,045.83","12,789,333.21","15,308,582.91","18,588,860.18","22,941,679.98","30,110,937.26","55,067,354.64",
"Ingreso_corriente_total_trimestral_con_transferencias",	10,"Durango","2020","25,478,331.07","546,566.6766","883,005.0699","1,130,037.302","1,408,745.941","1,687,007.03","1,988,175.215","2,372,307.687","2,906,237.248","3,782,284.335","8,773,964.564",
"Ingreso_corriente_total_trimestral_con_transferencias",	11,"Guanajuato","2020","78,689,637.87","1,819,867.427","3,029,065.552","3,947,502.974","4,796,024.307","5,699,952.202","6,739,341.708","8,013,535.598","9,818,859.525","12,812,536.86","22,012,951.72",
"Ingreso_corriente_total_trimestral_con_transferencias",	12,"Guerrero","2020","31,124,149.11","681,777.2402","1,084,607.786","1,385,702.984","1,695,378.353","2,038,942.372","2,489,504.813","3,054,107.974","3,860,254.113","5,191,162.596","9,642,710.878",
"Ingreso_corriente_total_trimestral_con_transferencias",	13,"Hidalgo","2020","34,974,867.46","834,363.8549","1,341,735.1","1,750,413.823","2,111,106.334","2,476,945.004","2,946,099.351","3,521,069.371","4,291,917.451","5,685,078.699","10,016,138.48",
"Ingreso_corriente_total_trimestral_con_transferencias",	14,"Jalisco","2020","131,178,038.9","3,532,182.828","5,325,019.637","6,722,283.16","8,062,669.086","9,487,105.718","11,094,547.18","13,151,588.51","15,977,201.92","20,492,206.42","37,333,234.46",
"Ingreso_corriente_total_trimestral_con_transferencias",	15,"México","2020","232,775,665.7","4,985,737.917","8,455,890.243","10,997,608.34","13,160,737.79","15,661,038.88","18,239,371.89","21,687,316.65","26,783,554.35","34,975,080.21","77,829,329.42",
"Ingreso_corriente_total_trimestral_con_transferencias",	16,"Michoacán_de_Ocampo","2020","61,171,706.62","1,467,559.391","2,325,862.165","2,974,267.836","3,665,138.202","4,332,815.766","5,097,112.204","6,117,480.178","7,463,491.31","9,556,207.12","18,171,772.45",
"Ingreso_corriente_total_trimestral_con_transferencias",	17,"Morelos","2020","24,557,760.16","544,081.4626","898,326.4896","1,165,084.972","1,431,646.964","1,709,812.67","2,036,841.03","2,442,754.001","2,988,998.804","3,874,657.718","7,465,556.046",
"Ingreso_corriente_total_trimestral_con_transferencias",	18,"Nayarit","2020","19,362,289.86","421,274.854","717,855.6439","945,771.6196","1,150,492.472","1,396,514.194","1,646,095.344","1,961,225.553","2,372,216.717","3,063,321.883","5,687,521.574",
"Ingreso_corriente_total_trimestral_con_transferencias",	19,"Nuevo_León","2020","124,628,875.9","2,432,485.813","4,130,154.814","5,352,002.899","6,508,777.354","7,768,738.559","9,255,993.125","11,072,806.33","13,923,039.43","18,805,989.83","45,378,887.7",
"Ingreso_corriente_total_trimestral_con_transferencias",	20,"Oaxaca","2020","41,346,893.92","823,633.73","1,331,989.34","1,752,641.324","2,202,557.894","2,686,185.711","3,270,896.163","4,052,205.524","5,166,463.879","6,827,609.672","13,232,710.68",
"Ingreso_corriente_total_trimestral_con_transferencias",	21,"Puebla","2020","69,359,881.51","1,505,066.21","2,447,340.125","3,167,027.462","3,914,465.538","4,673,396.586","5,496,489.288","6,636,681.356","8,152,978.285","10,830,066.37","22,536,370.3",
"Ingreso_corriente_total_trimestral_con_transferencias",	22,"Querétaro","2020","40,669,929.48","933,998.7858","1,543,618.254","1,964,481.74","2,387,535.906","2,869,233.808","3,418,570.942","4,115,756.757","4,981,026.283","6,462,484.635","11,993,222.37",
"Ingreso_corriente_total_trimestral_con_transferencias",	23,"Quintana_Roo","2020","26,036,119.32","486,294.8442","883,967.8293","1,180,301.244","1,484,512.766","1,798,220.169","2,173,401.301","2,599,524.033","3,124,565.41","4,124,961.499","8,180,370.222",
"Ingreso_corriente_total_trimestral_con_transferencias",	24,"San_Luis_Potosí","2020","36,694,589.33","650,791.5983","1,150,313.661","1,575,459.118","2,015,495.505","2,492,648.299","3,031,193.414","3,691,556.151","4,603,619.928","6,120,209.475","11,363,302.18",
"Ingreso_corriente_total_trimestral_con_transferencias",	25,"Sinaloa","2020","48,810,596.27","1,216,593.957","1,920,744.693","2,425,146.921","2,921,936.46","3,443,580.844","4,107,596.707","4,859,814.572","5,949,819.935","7,613,048.098","14,352,314.08",
"Ingreso_corriente_total_trimestral_con_transferencias",	26,"Sonora","2020","54,224,799.04","1,091,377.475","1,823,297.962","2,362,314.811","2,936,540.764","3,545,302.793","4,245,406.394","5,215,667.797","6,587,347.831","8,767,330.524","17,650,212.69",
"Ingreso_corriente_total_trimestral_con_transferencias",	27,"Tabasco","2020","28,729,672.03","597,494.4106","973,038.131","1,249,580.707","1,527,838.946","1,827,820.496","2,226,231.158","2,760,060.508","3,452,952.277","4,788,588.95","9,326,066.45",
"Ingreso_corriente_total_trimestral_con_transferencias",	28,"Tamaulipas","2020","52,392,986.43","1,135,752.834","1,883,980.416","2,435,071.712","2,997,851.907","3,614,994.54","4,302,816.76","5,127,685.824","6,198,727.915","8,070,324.489","16,625,780.03",
"Ingreso_corriente_total_trimestral_con_transferencias",	29,"Tlaxcala","2020","12,990,091.56","322,814.8493","499,310.1539","634,941.4748","762,089.7422","907,985.7405","1,064,121.697","1,274,910.402","1,618,851.545","2,099,238.689","3,805,827.265",
"Ingreso_corriente_total_trimestral_con_transferencias",	30,"Veracruz_de_Ignacio_de_la_Llave","2020","83,922,514.25","1,916,295.583","3,079,799.871","3,969,519.656","4,906,541.612","5,827,147.947","6,956,500.494","8,343,781.805","10,183,225.63","13,565,156.79","25,174,544.85",
"Ingreso_corriente_total_trimestral_con_transferencias",	31,"Yucatán","2020","31,372,077.81","581,090.5793","993,306.1681","1,331,820.044","1,657,560.676","2,002,660.705","2,385,921.736","2,865,561.997","3,564,495.301","4,952,885.119","11,036,775.48",
"Ingreso_corriente_total_trimestral_con_transferencias",	32,"Zacatecas","2020","20,360,283.83","440,670.3993","701,644.7611","890,165.126","1,084,062.873","1,305,684.086","1,564,142.988","1,872,316.659","2,354,870.069","3,122,952.144","7,023,774.724",
"Ingreso_corriente_total_trimestral_con_transferencias",	00,"Estados_Unidos_Mexicanos","2018","1,714,900,257","31,483,404.76","55,614,790.24","74,006,520.09","92,179,569.63","111,595,772.1","134,501,216.1","163,223,738.3","203,366,588.3","271,513,101.3","577,415,556.5",
"Ingreso_corriente_total_trimestral_con_transferencias",	01,"Aguascalientes","2018","21,153,853.84","459,887.7911","771,536.2129","1,000,169.995","1,211,944.885","1,469,134.788","1,741,145.948","2,066,997.895","2,508,061.779","3,301,706.382","6,623,268.161",
"Ingreso_corriente_total_trimestral_con_transferencias",	02,"Baja_California","2018","65,549,004.87","1,580,180.959","2,515,611.342","3,160,423.584","3,847,291.821","4,587,260.529","5,418,444.234","6,534,879.168","8,145,056.429","10,908,012.09","18,851,844.72",
"Ingreso_corriente_total_trimestral_con_transferencias",	03,"Baja_California_Sur","2018","16,110,884.41","364,973.0191","609,117.0667","778,531.4738","959,719.5292","1,144,880.182","1,348,664.676","1,621,407.418","1,968,487.701","2,441,836.693","4,873,266.656",
"Ingreso_corriente_total_trimestral_con_transferencias",	04,"Campeche","2018","11,250,916.72","204,901.5962","347,248.8765","460,880.2227","574,871.2994","699,160.9801","842,601.101","1,048,574.757","1,358,557.98","1,833,434.873","3,880,685.031",
"Ingreso_corriente_total_trimestral_con_transferencias",	05,"Coahuila_de_Zaragoza","2018","47,008,026.71","1,032,898.383","1,730,435.466","2,252,921.45","2,727,553.339","3,242,254.583","3,811,296.338","4,581,832.175","5,609,021.826","7,519,671.654","14,500,141.49",
"Ingreso_corriente_total_trimestral_con_transferencias",	06,"Colima","2018","11,672,957.41","251,561.1653","421,367.8316","549,823.9041","678,723.1574","825,410.1726","975,401.4342","1,177,464.916","1,457,208.934","1,928,000.461","3,407,995.431",
"Ingreso_corriente_total_trimestral_con_transferencias",	07,"Chiapas","2018","34,470,266.88","680,282.1631","1,129,981.34","1,475,598.995","1,799,206.974","2,162,716.272","2,612,102.144","3,220,744.141","4,116,519.374","5,724,630.942","11,548,484.53",
"Ingreso_corriente_total_trimestral_con_transferencias",	08,"Chihuahua","2018","59,829,265.6","1,202,979.29","2,071,138.846","2,734,815.716","3,347,309.065","4,002,177.322","4,732,349.911","5,720,612.381","6,948,611.278","9,434,895.732","19,634,376.06",
"Ingreso_corriente_total_trimestral_con_transferencias",	09,"Ciudad_de_México","2018","219,765,672.9","4,536,404.534","7,048,394.101","8,801,547.737","10,715,205.84","12,796,389.98","15,526,054.85","18,828,040.17","24,116,587.24","33,491,219.26","83,905,829.2",
"Ingreso_corriente_total_trimestral_con_transferencias",	10,"Durango","2018","21,087,988.21","462,264.0013","766,316.4231","982,558.7606","1,189,716.796","1,446,318.879","1,731,516.447","2,121,047.146","2,623,798.746","3,466,653.635","6,297,797.373",
"Ingreso_corriente_total_trimestral_con_transferencias",	11,"Guanajuato","2018","71,573,047.87","1,515,677.799","2,637,735.08","3,439,876.842","4,259,259.409","5,127,855.556","6,064,256.57","7,243,085.833","9,025,416.868","11,669,466.1","20,590,417.82",
"Ingreso_corriente_total_trimestral_con_transferencias",	12,"Guerrero","2018","28,261,355.62","495,614.2099","823,312.7974","1,140,262.765","1,448,495.215","1,816,688.378","2,220,881.645","2,781,050.94","3,534,595.077","4,710,476.177","9,289,978.415",
"Ingreso_corriente_total_trimestral_con_transferencias",	13,"Hidalgo","2018","33,500,386.12","654,934.2465","1,172,150.971","1,547,427.695","1,898,919.712","2,285,598.094","2,728,451.446","3,288,113.157","4,016,949.289","5,275,716.133","10,632,125.38",
"Ingreso_corriente_total_trimestral_con_transferencias",	14,"Jalisco","2018","137,802,118","3,037,915.894","4,972,530.864","6,338,517.36","7,716,739.037","9,368,262.703","11,182,242.94","13,286,293.83","16,237,380.23","21,565,897.86","44,096,337.27",
"Ingreso_corriente_total_trimestral_con_transferencias",	15,"México","2018","218,496,044.4","5,674,601.368","8,802,148.753","11,082,849.42","13,324,578.22","15,585,682.17","18,311,156.78","21,477,563.25","26,152,066.06","33,771,520.37","64,313,878",
"Ingreso_corriente_total_trimestral_con_transferencias",	16,"Michoacán_de_Ocampo","2018","55,478,740.18","1,260,596.296","2,107,801.353","2,689,509.555","3,233,115.113","3,804,265.969","4,481,571.7","5,364,553.308","6,606,849.111","8,575,484.292","17,354,993.48",
"Ingreso_corriente_total_trimestral_con_transferencias",	17,"Morelos","2018","23,704,252.02","536,670.083","875,186.8062","1,095,087.004","1,330,504.593","1,618,928.875","1,926,372.7","2,272,559.423","2,765,524.881","3,613,054.358","7,670,363.293",
"Ingreso_corriente_total_trimestral_con_transferencias",	18,"Nayarit","2018","16,867,188.42","326,016.7556","580,112.5686","751,556.9905","940,135.4331","1,144,494.013","1,394,051.675","1,685,886.126","2,053,150.827","2,681,588.807","5,310,195.225",
"Ingreso_corriente_total_trimestral_con_transferencias",	19,"Nuevo_León","2018","106,755,330.3","2,439,459.016","3,914,362.322","4,873,204.388","5,893,851.533","6,994,219.942","8,198,232.177","9,743,768.574","11,738,403.55","15,189,877.81","37,769,951.02",
"Ingreso_corriente_total_trimestral_con_transferencias",	20,"Oaxaca","2018","35,323,055.92","593,965.8564","993,281.5863","1,344,078.155","1,726,764.394","2,137,817.318","2,636,471.249","3,297,734.742","4,264,564.221","5,936,371.981","12,392,006.41",
"Ingreso_corriente_total_trimestral_con_transferencias",	21,"Puebla","2018","65,273,064.36","1,532,126.693","2,522,552.899","3,186,828.5","3,910,253.665","4,595,208.294","5,456,493.772","6,433,789.894","7,886,801.496","10,143,536.66","19,605,472.48",
"Ingreso_corriente_total_trimestral_con_transferencias",	22,"Querétaro","2018","38,728,009.35","843,455.3776","1,389,584.664","1,774,229.037","2,156,408.178","2,603,508.873","3,158,580.011","3,781,333.865","4,688,307.011","6,247,218.935","12,085,383.39",
"Ingreso_corriente_total_trimestral_con_transferencias",	23,"Quintana_Roo","2018","30,044,777.6","663,145.0066","1,098,790.665","1,457,423.135","1,804,260.397","2,157,338.811","2,552,217.246","3,064,362.563","3,799,741.606","4,916,769.85","8,530,728.324",
"Ingreso_corriente_total_trimestral_con_transferencias",	24,"San_Luis_Potosí","2018","35,111,493.86","612,860.0783","1,068,314.248","1,470,446.903","1,864,428.994","2,313,149.66","2,856,448.529","3,566,689.182","4,406,266.439","5,732,810.126","11,220,079.7",
"Ingreso_corriente_total_trimestral_con_transferencias",	25,"Sinaloa","2018","46,880,829.85","1,060,344.906","1,706,211.701","2,178,598.234","2,639,212.589","3,125,617.516","3,665,648.427","4,351,283.209","5,418,970.314","7,156,060.74","15,578,882.22",
"Ingreso_corriente_total_trimestral_con_transferencias",	26,"Sonora","2018","51,183,770.63","1,034,339.985","1,801,382.746","2,307,419.125","2,833,216.957","3,394,944.967","4,105,352.418","4,912,700.934","6,214,710.392","8,313,298.135","16,266,404.97",
"Ingreso_corriente_total_trimestral_con_transferencias",	27,"Tabasco","2018","25,698,678.83","531,266.7143","866,316.8431","1,112,960.816","1,356,263.843","1,650,446.965","2,002,622.434","2,413,069.406","3,049,164.482","4,234,569.369","8,481,997.959",
"Ingreso_corriente_total_trimestral_con_transferencias",	28,"Tamaulipas","2018","51,086,190.13","1,031,940.464","1,716,073.283","2,219,597.348","2,732,503.259","3,276,668.902","3,980,328.99","4,778,305.178","5,933,888.068","7,757,447.473","17,659,437.16",
"Ingreso_corriente_total_trimestral_con_transferencias",	29,"Tlaxcala","2018","13,570,709.46","346,704.2779","564,142.1758","712,043.6152","842,794.2339","989,786.9672","1,156,881.869","1,368,603.975","1,652,066.116","2,179,262.178","3,758,424.05",
"Ingreso_corriente_total_trimestral_con_transferencias",	30,"Veracruz_de_Ignacio_de_la_Llave","2018","74,160,820.45","1,463,758.526","2,491,990.974","3,304,724.528","4,193,356.868","5,080,147.178","6,104,694.11","7,364,297.019","9,093,810.538","12,077,704.01","22,986,336.69",
"Ingreso_corriente_total_trimestral_con_transferencias",	31,"Yucatán","2018","30,992,527.62","625,190.1812","1,045,614.046","1,383,015.197","1,672,138.964","1,998,139.392","2,372,093.552","2,842,087.004","3,552,516.882","4,732,478.715","10,769,253.68",
"Ingreso_corriente_total_trimestral_con_transferencias",	32,"Zacatecas","2018","16,509,028.85","356,398.4404","600,165.0303","773,835.803","945,884.6694","1,125,308.344","1,340,829.46","1,598,552.969","1,988,367.493","2,641,494.763","5,138,191.879",
"Ingreso_corriente_total_trimestral_con_transferencias",	00,"Estados_Unidos_Mexicanos","2016","1,542,044,444","27,026,558.54","47,020,150.51","62,615,156.24","77,965,472.5","95,366,461.49","115,321,736.4","140,471,814.9","176,772,469","238,549,102.9","560,935,521.9",
"Ingreso_corriente_total_trimestral_con_transferencias",	01,"Aguascalientes","2016","16,908,797.28","387,563.7344","635,538.6312","813,292.7614","1,004,031.188","1,183,076.538","1,393,761.686","1,679,895.097","2,041,347.459","2,650,947.261","5,119,342.92",
"Ingreso_corriente_total_trimestral_con_transferencias",	02,"Baja_California","2016","61,827,359.28","1,358,049.178","2,198,160.718","2,872,149.299","3,521,272.68","4,177,374.825","4,944,849.017","5,933,436.124","7,352,087.5","9,735,168.139","19,734,811.8",
"Ingreso_corriente_total_trimestral_con_transferencias",	03,"Baja_California_Sur","2016","12,123,400.95","276,671.449","459,228.7513","586,711.1685","711,949.2002","853,450.3222","993,978.3644","1,190,296.691","1,464,361.512","1,907,558.68","3,679,194.816",
"Ingreso_corriente_total_trimestral_con_transferencias",	04,"Campeche","2016","10,335,033.64","208,086.0978","343,063.5562","440,268.2046","540,768.5734","646,032.263","789,844.9964","972,813.3037","1,263,046.763","1,738,988.486","3,392,121.396",
"Ingreso_corriente_total_trimestral_con_transferencias",	05,"Coahuila_de_Zaragoza","2016","37,832,216.1","878,352.3621","1,400,700.104","1,830,505.449","2,235,086.866","2,657,819.645","3,143,375.712","3,723,557.545","4,559,347.721","5,944,309.641","11,459,161.06",
"Ingreso_corriente_total_trimestral_con_transferencias",	06,"Colima","2016","9,732,162.214","208,520.1103","354,298.1661","458,461.7241","566,184.9177","668,389.6814","787,267.8321","959,450.9113","1,178,476.944","1,568,960.737","2,982,151.189",
"Ingreso_corriente_total_trimestral_con_transferencias",	07,"Chiapas","2016","29,601,290.45","568,492.6952","921,151.7664","1,193,177.71","1,477,399.383","1,794,179.906","2,169,379.702","2,688,904.581","3,563,585.066","4,974,196.38","10,250,823.27",
"Ingreso_corriente_total_trimestral_con_transferencias",	08,"Chihuahua","2016","49,981,183.63","886,827.0358","1,588,067.04","2,095,581.114","2,584,621.273","3,136,448.669","3,721,216.576","4,521,149.896","5,586,062.979","7,545,423.058","18,315,785.99",
"Ingreso_corriente_total_trimestral_con_transferencias",	09,"Ciudad_de_México","2016","200,115,990.8","4,240,278.609","6,618,752.217","8,516,454.306","10,603,555.84","12,549,865.48","14,966,327.3","18,366,852.76","23,481,450.45","33,098,695.54","67,673,758.31",
"Ingreso_corriente_total_trimestral_con_transferencias",	10,"Durango","2016","19,042,791.89","437,616.0983","704,906.6519","910,747.0869","1,114,753.485","1,327,221.745","1,586,128.295","1,921,121.111","2,393,620.148","3,144,672.498","5,502,004.774",
"Ingreso_corriente_total_trimestral_con_transferencias",	11,"Guanajuato","2016","86,330,636.95","1,352,691.484","2,337,959.263","3,061,461.811","3,788,671.568","4,606,456.489","5,529,440.963","6,638,759.452","8,213,010.512","10,740,914.53","40,061,270.88",
"Ingreso_corriente_total_trimestral_con_transferencias",	12,"Guerrero","2016","25,884,250.6","514,383.3078","838,789.7601","1,091,219.293","1,385,776.291","1,710,718.161","2,087,646.064","2,580,297.648","3,253,998.271","4,407,263.543","8,014,158.26",
"Ingreso_corriente_total_trimestral_con_transferencias",	13,"Hidalgo","2016","25,246,140.29","522,916.8752","910,406.336","1,219,814.547","1,482,416.314","1,743,454.272","2,051,048.037","2,451,544.325","2,964,725.13","3,941,268.625","7,958,545.823",
"Ingreso_corriente_total_trimestral_con_transferencias",	14,"Jalisco","2016","111,207,923.1","2,468,967.676","4,080,508.875","5,235,617.056","6,524,426.878","7,769,075.397","8,998,063.963","10,852,472.8","13,501,512.28","17,234,812.14","34,542,466.08",
"Ingreso_corriente_total_trimestral_con_transferencias",	15,"México","2016","183,942,701.8","4,456,645.83","7,070,821.2","8,852,254.811","10,603,868.05","12,578,508.44","14,750,045.75","17,670,657.83","21,654,001.86","28,914,316.54","57,391,581.43",
"Ingreso_corriente_total_trimestral_con_transferencias",	16,"Michoacán_de_Ocampo","2016","41,193,636.93","907,471.2486","1,511,838.193","1,969,411.848","2,404,992.853","2,855,452.631","3,418,426.439","4,093,840.165","5,025,201.128","6,752,868.735","12,254,133.69",
"Ingreso_corriente_total_trimestral_con_transferencias",	17,"Morelos","2016","22,610,452.09","509,160.2455","812,215.1751","1,015,749.808","1,220,735.464","1,473,621.17","1,747,704.102","2,098,630.843","2,589,091.249","3,614,791.295","7,528,752.741",
"Ingreso_corriente_total_trimestral_con_transferencias",	18,"Nayarit","2016","14,330,879.2","245,179.8862","452,586.5439","615,721.0994","768,941.1095","940,755.8855","1,140,117.265","1,392,606.003","1,741,165.488","2,305,575.6","4,728,230.316",
"Ingreso_corriente_total_trimestral_con_transferencias",	19,"Nuevo_León","2016","126,029,036.9","1,938,581.824","3,312,174.438","4,266,331.506","5,169,724.914","6,070,938.774","7,209,673.648","8,739,408","10,606,129.22","13,678,750.69","65,037,323.89",
"Ingreso_corriente_total_trimestral_con_transferencias",	20,"Oaxaca","2016","29,093,817.73","504,911.7636","841,872.8655","1,154,719.141","1,494,595.507","1,833,422.525","2,209,850.368","2,714,566.814","3,380,265.037","4,597,301.366","10,362,312.34",
"Ingreso_corriente_total_trimestral_con_transferencias",	21,"Puebla","2016","58,924,237.91","1,378,915.668","2,190,146.375","2,819,875.678","3,384,714.54","3,985,250.91","4,687,751.292","5,579,302.491","6,932,521.042","9,347,945.959","18,617,813.96",
"Ingreso_corriente_total_trimestral_con_transferencias",	22,"Querétaro","2016","32,911,809.04","644,681.0733","1,091,522.724","1,402,701.552","1,730,520.964","2,137,203.219","2,646,541.409","3,247,219.657","4,042,610.133","5,384,719.162","10,584,089.15",
"Ingreso_corriente_total_trimestral_con_transferencias",	23,"Quintana_Roo","2016","25,459,009.59","548,670.6314","941,668.156","1,212,048.782","1,461,879.665","1,762,251.054","2,136,734.436","2,584,383.554","3,134,593.387","4,000,743.336","7,676,036.586",
"Ingreso_corriente_total_trimestral_con_transferencias",	24,"San_Luis_Potosí","2016","29,136,454.83","545,994.7239","948,330.2947","1,256,597.504","1,594,634.197","1,970,474.997","2,363,036.43","2,908,727.475","3,709,920.953","4,905,725.384","8,933,012.869",
"Ingreso_corriente_total_trimestral_con_transferencias",	25,"Sinaloa","2016","38,624,511.19","929,474.2791","1,454,405.324","1,820,099.889","2,224,824.852","2,640,066.815","3,135,523.63","3,725,898.04","4,568,016.062","5,983,838.477","12,142,363.82",
"Ingreso_corriente_total_trimestral_con_transferencias",	26,"Sonora","2016","48,103,066","948,469.3784","1,561,419.981","2,011,655.867","2,416,508.142","2,884,826.336","3,457,562.972","4,136,225.404","5,132,349.478","7,008,500.553","18,545,547.89",
"Ingreso_corriente_total_trimestral_con_transferencias",	27,"Tabasco","2016","23,266,388.04","520,379.1226","807,491.8775","1,039,117.636","1,269,334.045","1,535,971.896","1,849,223.09","2,268,114.133","2,779,389.416","3,696,892.879","7,500,473.943",
"Ingreso_corriente_total_trimestral_con_transferencias",	28,"Tamaulipas","2016","47,902,852.17","942,218.5234","1,559,835.95","2,080,872.695","2,571,652.56","3,091,265.733","3,663,195.815","4,436,342.689","5,523,758.869","7,208,923.377","16,824,785.96",
"Ingreso_corriente_total_trimestral_con_transferencias",	29,"Tlaxcala","2016","10,657,920.96","274,995.183","432,372.2334","549,003.2396","652,127.8756","769,195.0212","901,390.979","1,077,813.559","1,307,850.222","1,702,042.138","2,991,130.505",
"Ingreso_corriente_total_trimestral_con_transferencias",	30,"Veracruz_de_Ignacio_de_la_Llave","2016","73,220,257.7","1,472,156.825","2,316,349.466","2,990,474.284","3,719,721.729","4,495,356.326","5,461,469.748","6,785,417.762","8,472,487.573","11,787,842.66","25,718,981.33",
"Ingreso_corriente_total_trimestral_con_transferencias",	31,"Yucatán","2016","25,013,561.35","521,001.8915","862,695.4257","1,130,299.514","1,368,884.05","1,643,319.435","1,933,964.296","2,315,039.704","2,876,458.294","3,792,230.523","8,569,668.211",
"Ingreso_corriente_total_trimestral_con_transferencias",	32,"Zacatecas","2016","15,454,673.85","283,957.9165","469,429.3031","624,989.9157","772,532.2907","930,132.4359","1,130,353.586","1,395,910.014","1,768,035.163","2,411,477.344","5,667,855.883",
