periodo,1.1.1,1.2.1(1),1.2.1(2),1.2.1.A,1.2.2(1),1.2.2(2),1.3.1.,1.4.1,1.4.2,1.5.1,1.5.4,1.A.1,1.A.2,10.1.1.,10.2.1,10.3.1.,10.4.1,10N.1.1,10N.2.1,10N.3.1,10R.4.1A,10R.4.1B,11.1.1,11.2.1,11.3.1,11.3.2,11.4.1,11.5.1,11.6.1.A,11.6.2.A,11.6.2.B,11.7.1.,11N.1.1,11N.2.1,11R.2.1A,11R.2.1B,11R.2.1C,11R.2.1D,12.2.2.A,12.2.2.B,12.2.2.C,12.5.1.A,12.B.1,12N.1.1,12N.2.1,12R.5.1.A,13.1.1,13N.1.1.A,13N.1.1.B,13N.1.2,13N.2.1,13R.1.1,13R.3.1,14.5.1,14.A.1,14R.2,14R.5.1,15.1.1,15.1.2,15.4.1,15.4.2.,15N.1.1,15N.2.1,15R.1A,15R.1B,16.1.1,16.1.3.A,16.1.3.B,16.1.3.C,16.1.4,16.3.1,16.3.1.A,16.3.1.B,16.3.2,16.5.1,16.5.2,16.6.1,16.6.2.A,16.6.2.B,16.7.2.,16.9.1A,16.9.1B,16.B.1.,16N.1.1,16N.1.2,16N.2.1,16N.2.2,16N.2.3,16N.2.4,16N.3.1.A,16N.3.1.B,16N.3.1.C,16N.3.1.D,16N.3.1.E,16N.3.1.F,16R.3A,16R.3B,17.1.1,17.1.2,17.3.2,17.4.1,17.6.1,17.8.1.A,17N.1.1,17N.2.1,17N.4.1,17N.4.2,17R.19.A,1N.1.1,1N.2.1,1N.2.2,1N.3.3,1R.1.1,2.1.2(1),2.1.2(2),2.2.1,2.2.2,2.2.2(1),2.2.2(2),2.2.3.A,2.2.3.B,2N.1.1,2N.2.1,2N.2.2,2N.3.1,3.1.1,3.1.2,3.2.1,3.2.2,3.3.1,3.3.2A,3.3.2B,3.3.2C,3.3.3,3.3.4,3.3.5,3.4.1,3.4.2.A,3.4.2.B,3.6.1,3.7.1,3.7.2.A,3.7.2.B,3.9.1,3.9.2A,3.9.2B,3.9.3A,3.9.3B,3.C.1,3N.1.1,3N.1.2,3N.1.3,3N.1.4,3N.3.1,3N.4.1.B,3N.4.1A,3R.3.C(1),3R.3A,3R.3B,3R.7.1,3R.7.A,3R.7.B,4.1.2,4.2.1,4.2.2,4.3.1,4.5.1A,4.5.1B,4.5.1C,4.5.1D,4.5.1E,4.5.1F,4.6.1.A,4.A.1.A,4.A.1.B,4.A.1.C,4.A.1.D1,4.A.1.D2,4.A.1.E,4.A.1.F,4.A.1.G,4.C.1.A,4.C.1.B,4.C.1.C,4N.1.1,4N.2.1,4R.3.1,4R.6.1.A(1),4R.6.1.B(1),5.2.1.A,5.2.1.B,5.2.2.A,5.2.2.B,5.3.1A,5.3.1B,5.4.1A,5.4.1B,5.4.1C,5.5.1.A,5.5.1.B,5.5.1.C,5.5.1.D,5.5.1.E,5.6.1,5.A.1A,5.A.1B,5N.1.1,5N.1.2,5N.1.3,5N.1.4,5N.2.1,5N.3.1,5R.4.1A,5R.4.1B,5R.4.1C,5R.4.1D,6.1.1.A,6.1.1.B,6.1.1.C,6.2.1.A,6.2.1.C,6.3.1,6.3.2.,6.4.1,6.4.2,6.5.1.,6.5.2.,6.6.1.A,6.6.1.B,6.6.1.C,6.6.1.D,6.6.1.E,6.A.1.,6.B.1.A,6.B.1.B,6.B.1.C,6.B.1.D,6N.1.1,6N.1.1.C,6N.2.1,6N.2.2,7.1.2,7.2.1,7.3.1,7N.1.1,7N.2.1,7N.3.1,8.1.1,8.10.1.A,8.10.1.B,8.10.2,8.2.1,8.2.1(2),8.3.1,8.3.1(2),8.4.2.A,8.4.2.B,8.4.2.C,8.5.1A,8.5.1B,8.5.1C,8.5.1D,8.5.2,8.5.2(2),8.6.1C,8.7.1,8.8.1,8.9.1,8N.1.1,8N.2.2,8N.3.1A,8N.3.1B,8N.3.1C,8N.3.1D,8N.4.1,8R.6.1,9.1.1,9.1.2.A,9.1.2.B,9.2.1.A,9.2.1.B,9.2.2,9.2.2(2),9.3.1,9.3.2,9.4.1,9.5.1,9.5.2,9.B.1,9.C.1,9N.2.1,9N.3.1
1970,,,,,,,,,,,,,,,,,,,,,,,,,,,,,,,,,,,,,,,,,,,,,,,,,,,,,,,,856405.0,,,,,,,,,,,,,,,,,,,,,,,,,,,,,,,,,,,,,,,,,,,,,,,,,,,,,,,,,,,,,,,,,,,,,,,,,,,,,,,,,,,,,,,,,,,,,,,,,,,,,,,,,,,,,,,,,,,,,,,,,,,,,,,,,,,,,,,,,,,,,,,,,,,,,,,,,,,,,,,,,,,,,,,,,,,,,,,,,,,,,,,,,,,,,,,,,,,,,,,,,,,,,,,,,,,,,,,,,,,,,,,,,,,,,,,,,,,,
1971,,,,,,,,,,,,,,,,,,,,,,,,,,,,,,,,,,,,,,,,,,,,,,,,,,,,,,,,856405.0,,,,,,,,,,,,,,,,,,,,,,,,,,,,,,,,,,,,,,,,,,,,,,,,,,,,,,,,,,,,,,,,,,,,,,,,,,,,,,,,,,,,,,,,,,,,,,,,,,,,,,,,,,,,,,,,,,,,,,,,,,,,,,,,,,,,,,,,,,,,,,,,,,,,,,,,,,,,,,,,,,,,,,,,,,,,,,,,,,,,,,,,,,,,,,,,,,,,,,,,,,,,,,,,,,,,,,,,,,,,,,,,,,,,,,,,,,,,
1972,,,,,,,,,,,,,,,,,,,,,,,,,,,,,,,,,,,,,,,,,,,,,,,,,,,,,,,,856405.0,,,,,,,,,,,,,,,,,,,,,,,,,,,,,,,,,,,,,,,,,,,,,,,,,,,,,,,,,,,,,,,,,,,,,,,,,,,,,,,,,,,,,,,,,,,,,,,,,,,,,,,,,,,,,,,,,,,,,,,,,,,,,,,,,,,,,,,,,,,,,,,,,,,,,,,,,,,,,,,,,,,,,,,,,,,,,,,,,,,,,,,,,,,,,,,,,,,,,,,,,,,,,,,,,,,,,,,,,,,,,,,,,,,,,,,,,,,,
1973,,,,,,,,,,,,,,,,,,,,,,,,,,,,,,,,,,,,,,,,,,,,,,,,,,,,,,,,856405.0,,,,,,,,,,,,,,,,,,,,,,,,,,,,,,,,,,,,,,,,,,,,,,,,,,,,,,,,,,,,,,,,,,,,,,,,,,,,,,,,,,,,,,,,,,,,,,,,,,,,,,,,,,,,,,,,,,,,,,,,,,,,,,,,,,,,,,,,,,,,,,,,,,,,,,,,,,,,,,,,,,,,,,,,,,,,,,,,,,,,,,,,,,,,,,,,,,,,,,,,,,,,,,,,,,,,,,,,,,,,,,,,,,,,,,,,,,,,
1974,,,,,,,,,,,,,,,,,,,,,,,,,,,,,,,,,,,,,,,,,,,,,,,,,,,,,,,,856405.0,,,,,,,,,,,,,,,,,,,,,,,,,,,,,,,,,,,,,,,,,,,,,,,,,,,,,,,,,,,,,,,,,,,,,,,,,,,,,,,,,,,,,,,,,,,,,,,,,,,,,,,,,,,,,,,,,,,,,,,,,,,,,,,,,,,,,,,,,,,,,,,,,,,,,,,,,,,,,,,,,,,,,,,,,,,,,,,,,,,,,,,,,,,,,,,,,,,,,,,,,,,,,,,,,,,,,,,,,,,,,,,,,,,,,,,,,,,,
1975,,,,,,,,,,,,,,,,,,,,,,,,,,,,,,,,,,,,,,,,,,,,,,,,,,,,,,,,856405.0,,,,,,,,,,,,,,,,,,,,,,,,,,,,,,,,,,,,,,,,,,,,,,,,,,,,,,,,,,,,,,,,,,,,,,,,,,,,,,,,,,,,,,,,,,,,,,,,,,,,,,,,,,,,,,,,,,,,,,,,,,,,,,,,,,,,,,,,,,,,,,,,,,,,,,,,,,,,,,,,,,,,,,,,,,,,,,,,,,,,,,,,,,,,,,,,,,,,,,,,,,,,,,,,,,,,,,,,,,,,,,,,,,,,,,,,,,,,
1976,,,,,,,,,,,,,,,,,,,,,,,,,,,,,,,,,,,,,,,,,,,,,,,,,,,,,,,,856405.0,,,,,,,,,,,,,,,,,,,,,,,,,,,,,,,,,,,,,,,,,,,,,,,,,,,,,,,,,,,,,,,,,,,,,,,,,,,,,,,,,,,,,,,,,,,,,,,,,,,,,,,,,,,,,,,,,,,,,,,,,,,,,,,,,,,,,,,,,,,,,,,,,,,,,,,,,,,,,,,,,,,,,,,,,,,,,,,,,,,,,,,,,,,,,,,,,,,,,,,,,,,,,,,,,,,,,,,,,,,,,,,,,,,,,,,,,,,,
1977,,,,,,,,,,,,,,,,,,,,,,,,,,,,,,,,,,,,,,,,,,,,,,,,,,,,,,,,856405.0,,,,,,,,,,,,,,,,,,,,,,,,,,,,,,,,,,,,,,,,,,,,,,,,,,,,,,,,,,,,,,,,,,,,,,,,,,,,,,,,,,,,,,,,,,,,,,,,,,,,,,,,,,,,,,,,,,,,,,,,,,,,,,,,,,,,,,,,,,,,,,,,,,,,,,,,,,,,,,,,,,,,,,,,,,,,,,,,,,,,,,,,,,,,,,,,,,,,,,,,,,,,,,,,,,,,,,,,,,,,,,,,,,,,,,,,,,,,
1978,,,,,,,,,,,,,,,,,,,,,,,,,,,,,,,,,,,,,,,,,,,,,,,,,,,,,,,,856405.0,,,,,,,,,,,,,,,,,,,,,,,,,,,,,,,,,,,,,,,,,,,,,,,,,,,,,,,,,,,,,,,,,,,,,,,,,,,,,,,,,,,,,,,,,,,,,,,,,,,,,,,,,,,,,,,,,,,,,,,,,,,,,,,,,,,,,,,,,,,,,,,,,,,,,,,,,,,,,,,,,,,,,,,,,,,,,,,,,,,,,,,,,,,,,,,,,,,,,,,,,,,,,,,,,,,,,,,,,,,,,,,,,,,,,,,,,,,,
1979,,,,,,,,,,,,,,,,,,,,,,,,,,,,,,,,,,,,,,,,,,,,,,,,,,,,,,,,856405.0,,,,,,,,,,,,,,,,,,,,,,,,,,,,,,,,,,,,,,,,,,,,,,,,,,,,,,,,,,,,,,,,,,,,,,,,,,,,,,,,,,,,,,,,,,,,,,,,,,,,,,,,,,,,,,,,,,,,,,,,,,,,,,,,,,,,,,,,,,,,,,,,,,,,,,,,,,,,,,,,,,,,,,,,,,,,,,,,,,,,,,,,,,,,,,,,,,,,,,,,,,,,,,,,,,,,,,,,,,,,,,,,,,,,,,,,,,,,
1980,,,,,,,,,,,,,,,,,,,,,,,,,,,,,,,,,,,,,,,,,,,,,,,,,,,,,,,,856405.0,,,,,,,,,,,,,,,,,,,,,,,,,,,,,,,,,,,,,,,,,,,,,,,,,,,,,,,,,,,,,,,,,,,,,,,,,,,,,,,,,,,,,,,,,,,,,,,,,,,,,,,,,,,,,,,,,,,,,,,,,,,,,,,,,,,,,,,,,,,,,,,,,,,,,,,,,,,,,,,,,,,,,,,,,,,,,,,,,,,,,,,,,,,,,,,,,,,,,,,,,,,,,,,,,,,,,,,,,,,,,,,,,,,,,,,,,,,,
1986,,,,,,,,,,,,,,,,,,,,,,,,,,,,,,,,,,,,,,,,,,,,,,,,,,,,,,,,,,,,,,,,,60347.82,,,,,,,,,,,,,,,,,,,,,,,,,,,,,,,,,,,,,,,,,,,,,,,,,,,,,,,,,,,,,,,,,,,,,,,,,,,,,,,,,,,,,,,,,,,,,,,,,,,,,,,,,,,,,,,,,,,,,,,,,,,,,,,,,,,,,,,,,,,,,,,,,,,,,,,,,,,,,,,,,,,,,,,,,,,,,,,,,,,,,,,,,,,,,,,,,,,,,,,,,,,,,,,,,,,,,,,,,,,,,,,,,,,
1987,,,,,,,,,,,,,,,,,,,,,,,,,,,,,,,,,,,,,,,,,,,,,,,,,,,,,,,,,,,,,,,,,60347.82,,,,,,,,,,,,,,,,,,,,,,,,,,,,,,,,,,,,,,,,,,,,,,,,,,,,,,,,,,,,,,,,,,,,,,,,,,,,,,,,,,,,,,,,,,,,,,,,,,,,,,,,,,,,,,,,,,,,,,,,,,,,,,,,,,,,,,,,,,,,,,,,,,,,,,,,,,,,,,,,,,,,,,,,,,,,,,,,,,,,,,,,,,,,,,,,,,,,,,,,,,,,,,,,,,,,,,,,,,,,,,,,,,,
1988,,,,,,,,,,,,,,,,,,,,,,,,,,,,,,,,,,,,,,,,,,,,,,,,,,,,,,,,,,,,,,,,,60347.82,,,,,,,,,,,,,,,,,,,,,,,,,,,,,,,,,,,,,,,,,,,,,,,,,,,,,,,,,,,,,,,,,,,,,,,,,,,,,,,,,,,,,,,,,,,,,,,,,,,,,,,,,,,,,,,,,,,,,,,,,,,,,,,,,,,,,,,,,,,,,,,,,,,,,,,,,,,,,,,,,,,,,,,,,,,,,,,,,,,,,,,,,,,,,,,,,,,,,,,,,,,,,,,,,,,,,,,,,,,,,,,,,,,
1989,,,,,,,,,,,,,,,,,,,,,,,,,,,,,,,,,,,,,,,,,,,,,,,,,,,,,,,,,,,,,,,,,60347.82,,,,,,,,,,,,,,,,,,,,,,,,,,,,,,,,,,,,,,,,,,,,,,,,,,,,,,,,,,,,,,,,,,,,,,,,,,,,,,,,,,,,,,,,,,,,,,,,,,,,,,,,,,,,,,,,,,,,,,,,,,,,,,,,,,,,,,,,,,,,,,,,,,,,,,,,,,,,,,,,,,,,,,,,,,,,,,,,,,,,,,,,,,,,,,,,,,,,,,,,,,,,,,,,,,,,,,,,,,,,,,,,,,,
1990,,,,,,,,,,,,,,,,,,,,,,,,,,,,,,,,,,,,,,,,,,,,,,,,,,,0.442839517611372,,467413.12,,,,,,,,,,,,60347.82,,,,,,,,,,,,,,,,,,,,,,,,,,,,,,,,,,39.4414084224159,,,,,,,,,,,71.57,,,,,,,,,,,,,,,,85.2,71.57,41.41,16.7,0.12,17.08,17.08,,52.68,1.37,76.0,,2.2929901828774,9.0,,,,,,,,,,,,,,,,,,,0.14014,1.7668,,,,,,,,,,,0.98990053,,,95.4820301576958,,,,,,,,,,,,,,,,,,,,,,,,,,,,,,,,,,,,,,,,,,,,,,,,,,,,,,,,,,,,,,,,,,,,,,,,,,,,,,,,,,,,,,,,,,,,,,,,,,,,,,,,,,,,,,,,,0.371657124143563,,,,,,
1991,,,,,,,,,,,,,,,,,,,,,,,,,,,,,,,,,,,,,,,,,,,,,,,,,,,0.426227824296632,,477528.93,,,,,,,,,,,,60347.82,,,,,,,,,,,,,,,,,,,,,,,,,,,,,,,,,,45.5032100420672,,,,0.006949152,,,,,,,88.15,,,,,,,,,,,,,,,,82.74,72.31,36.96,16.22,0.12,17.54,17.54,,30.84,1.46,79.01,,2.4583451031853,12.0,,,,,,,,,,,,,,,,,,,0.15025,2.33143,,,,,,,,,,,0.990702088,,,95.6023683488148,,,,,,,,,,,,,,,,,,,,,,,,,,,,,,,,,,,,,,,,,,,,,,,,,,,,,,,,,,,,,,,,,,,,,,,,,,,,,,,,,,,,,,,,,,,,,,,,,,,,,,,,,,,,,,,,,0.364318142255394,,,,,,
1992,10.5817702294042,,,,,,,,,,,,,,,,,,,,,,35.6778,,,,,,,,,,,,,,,,,,,,,,,,,,,,0.403999000361065,,479929.69,,,,,,,,,,,,60347.82,,,,,,,,,,,,,,,,,,,,,,,,,,,,,,,,,,50.8504397554143,,,,0.020414645,,,,,,,80.59,,,3.0034265032515,,,,,,,,,,,,,81.92,73.33,35.42,16.56,0.12,16.48,16.48,,18.43,1.11,90.0,,2.5597757164603,12.0,,,,,,,,,,,,,,,,,,,0.15545,2.88195,,,,,,,,,,,0.991516001,,,95.7229964874621,,,,,,,,,,,,,,,,,,,,,,,,,,,,,,,,,,,,,,,,,,,,,,,,,,,,,,,,,,,,,,,,,,,,,,,,,,,,,,,,,,,,,,,,,,,,,,,,,,,,,,,,,,,,,,,,,0.35332865072142,,,,,,
1993,,,,,,,,,,,,,,,,,,,,,,,,,,,,,,,,,,,,,,,,,,,,,,,,,,,0.381199454515229,,483660.29,0.329476314,,,0.329476314,35.28125,7.6615126,,,,,7.592090874,60347.82,,,,,,,,,,,,,,,,,,,,,,,,,,,,,,,,,,50.7519840779624,,,,0.033342917,,,,,,,99.13,69.77404,,,,,,,,,,,,,,,80.98,74.75,34.08,15.95,0.12,16.95,16.95,,17.67,2.14,95.0,,2.6257484790017,26.0,,,,,,,,,,,,,,,,,,,0.16085,3.51146,,,,,,,,,,,0.992340122,,,95.8442392000841,,,,,,,,,,,,,,,,,,,,,,,,,,,,,,,,,,,,,,,,,,,,,,,,,,,,,,,,,,,,,,,,,,,,,,,,,,,,,,,,,,,,,,,,,,,,,,,10.872,,,,,,,,,,,,,,,,,,0.344682079283005,,,,,,
1994,12.4881183720923,,,,,,,,,,,,,,,,,,,,,,31.0505,,,,,,,,,,,,,,,,,,,,,,,,,,,,0.380093937171311,,513962.0,0.518157007,,,0.518157007,,8.3704391,,,,,8.30101729,60347.82,,,,,,,,,,,,,,,,,,,,,,,,,,,,,,,,,,49.139330529518,,,,0.051140996,,,,,,,98.7,87.89243,,3.20682090656782,,,,,,,,,,,,,80.12,76.55,32.89,15.52,0.13,17.98,17.98,,14.14,1.1,100.0,,2.8474135276312,27.0,,,,,,,,,,,,,,,,,,,0.16755,3.82833,,,,,,,,,,,0.993180986,,,95.9673048117218,,,,,,,,,,,,,,,,,,,,,,,,,,,,,,,,,,,,,,,,,,,,,,,,,,,,,,,,,,,,,,,,,,,,,,,,,,,,,,,,,,,,,,,,,,,,,,,10.671,,,,,,,,,,,,,,,,,,0.35085947640879,,,,,,
1995,,,,,,,,,,,,,,,,,,,,,,,,,,,,,,,,,,,,,,,,,,,,,,,,,,,0.380024944383399,,503565.25,0.529677163,,,0.529677163,,8.514506,,,,,8.445084207,647400.82,,,,,,,,,,,,,,,,,,,,,,,,,,,,,,,,,18.9572355810636,40.3998925071463,,,,0.120177649,,,,,,,92.45,88.28973,,,,,,,,,,,,,,,78.77,77.55,31.71,15.33,0.13,22.57,22.57,,8.02,1.39,100.0,,3.1205119163868,26.0,,,,,,,,,,,,,,,,,,,0.17607,4.30888,,,,,,,,,,,0.994037389,,,96.0922075991212,,,,,,,,,,,,,,,,,,,,,,,,,,,,,,,,,,,,,,,,,,,,,,,,,,,,,,,,,,,,,,,,,,,,,,,,,,,,,,,,,,53.2375000248084,,,,,,,,,6.88481502281005,,,,9.942,,,,,,,,,,,,,,,15.6325433445203,,,0.365355684293349,,,,,,
1996,18.2900127880672,,,,,,,,,,,,,,,,,,,,,,31.0206,,,,,,,,,,,,,,,,,,,,,,,,,,,,0.359745515156349,,521689.45,0.640550116,,,0.640550116,,8.5731763,,,,,8.503754497,1042268.82,,,,,,,,,,,,,,,,,,,,,,,,,,,,,,,,,19.1713565670197,38.8165663351218,0.9794735104617646,,,0.235195821,,,,,,,100.63,92.96439,,6.38472994808167,,,,,,,,,,,,,78.39,79.04,30.54,14.94,0.13,22.04,22.04,,6.69,1.11,100.0,,3.2059670474822,27.0,,,,,,,,,,,,,,,,,,,0.18609,4.61462,,,,,,,,,,,0.994844986,,,96.2174807750057,,,,,,,,,,,,,,,,,,,,,,,,,,,,,,,,,,,,,,,,,,,,,,,,,,,,,,,,,,,,,,,,,,,,,,,,,,,,,,,,4.44049526524544,,53.6822662456029,,,,,,,,,5.24853487525309,,,,9.657,,,,,,,,,,,,,,,16.6445897912137,,,0.356346775086032,,,,,,
1997,,,,,,,,,,,,,,,,,,,,,,,,,,,,,,,,,,,,,,,,,,,,,,,,,,,0.345023960560895,,551984.37,0.640550116,,,0.640550116,,8.7684381,,,,,8.699016323,1042268.82,,,,,,,,,,,,,,,,,,,,,,,,,,,,,,,,,19.3064939382045,41.3836693140031,0.9316600665599848,,,0.73701312,,,,,,,114.41,91.08033,,,,,,,,,,,,,,,76.35,80.11,29.3,14.73,0.13,24.7,24.7,,5.04,1.21,100.0,,3.5324967157863,21.0,,,,,,,,,,,,,,,,,,,0.19638,4.37038,,,,,,,,,,,0.995669526,,,96.3450672059993,,,,,,,,,,,,,,,,,,,,,,,,,,,,,,,,,,,,,,,,,,,,,,,,,,,,,,,,,,,,,,,,,,,,,,,,,,,,,,,,2.76974185810266,,54.2134863278204,,,,,,,,,4.05508338537488,,,,9.236,,,,,,,,,,,,,,,16.9505216726167,,,0.351720215112209,,,,,,
1998,17.5332771796285,,,,,,,,,,,,,,,,,,,,,,28.1296,,,,,,,,,,,,,,,,,,,,,,,,,,,,0.343483838409815,,577829.13,0.65737826,,,0.65737826,,9.104692,,,,,9.035270272,1042268.82,,,,,,,,,,,,,,,,,,,,,,,,,,,,,,,,,17.0493950838615,48.7305257376228,1.0110760955040845,,,1.485825884,,,,,,,56.99,75.36022,,7.05079540660189,,,,,,,,,,,,,76.35,80.55,27.96,14.6,0.13,22.23,22.23,,4.97,0.84,100.0,223.6079723,3.4447614656144,27.0,12.15,,,,,20.6,13.0,0.81,10.0,,,,,,,,,,0.20638,4.21698,,,,,,,,,,,0.99651263,,,96.4742861531429,,,,,,,,,,,,,,,,,,,,,,,,,,,,,,,,,,,,,,,,,,,,,,,,,15.761265308171,,,,,,,,,,,,,,,,,,,,,,,,,,,,,,,3.62203486873338,,52.9222179145746,,,,,,,,,3.57296951675954,,,,9.18,,,,,,,,,,,,,,,18.3742617062351,,,0.346742027275515,,,,,,
1999,,,,,,,,,,,,,,,,,,,,,,,,,,,,,,,,,,,,,,,,,,,,,,,,,,,0.326868717993415,,569142.31,0.71515468,,,0.71515468,,9.2173596,16.9642504705473,,,,9.147937843,1042268.82,,,,,,,,,,,,,,,,,,,,,,,,,,,,,,,,,17.2259282536521,51.7712952225347,0.933528050064665,,,2.176996978,,,,,,,97.28,75.00062,,,,,,,,,,,,,,,77.31,80.7,26.59,13.96,0.13,20.19,20.19,,25.51,0.63,100.0,227.1388358,3.3995816114189,24.0,12.08,,,,,19.09,6.0,0.79,15.0,,,,,,,,,,0.21594,4.26261,,,,,,,,,,,0.9973658,,,96.6052978867916,,,,,,,,,,,,,,,,,,,,,,,,,,,,,,,,,,,,,,,,,,,,,,,,,15.7500782396088,,,,,,,,,,,,,,,,,,,,,,,,,,,,,,,3.05240352776652,,52.5900600212969,,,,,,,,,2.4883503543928,,,,9.363,,,,,,,,,,,,,,,19.1371335554665,,,0.332372307397815,,,,,,
2000,12.5789102224617,,,,,,,,,50.076410010719,,,,,,,,,,,,,23.5667,,,,,50.0070315109514,,,,,,,,,,,,,,,,,,,50.0070315109514,,,,0.315409936035435,13.0,587814.41,0.92150054,,,0.92150054,,9.4578577,16.9642504705473,,,,9.388435966,1103975.65,,,,,,,,,,,,,,,,,,,,,,,,,,,,,,,,,18.2528438691523,46.9393297716614,0.8843304556011392,,,5.94475806,,,,,,,115.81,76.6143,,4.62786037906486,,,,,,,,,,,,2.46,71.31,81.45,25.23,13.58,0.14,18.55,18.55,,13.54,0.49,100.0,221.4965004,3.5015340089907,15.0,12.18,,,,,17.22,11.0,0.71,16.0,,,,,,,,,,0.22563,4.22265,,,,,,,,,,,0.997882579,,,96.8114423698619,,,,,,,,,,,,,,,,,,,,,,,,,,,,,,,,,,,,,,,,,,,,,,,,,16.9577558712421,,,,,,,,,,,,,,,,,,,,,,,,,,,,,,,5.02056490527782,,51.3364613917064,,,,,,,,,2.57464078220002,,,,9.526,,,,,,,,,,,,,,,19.556752996361,,,0.326838935025042,,,,,,
2001,,,,,,,,,,167.893798313091,,,,,,,,,,,,,,,,,,167.62353411662,,,,,,,,,,,,,,,,,,,167.62353411662,,,,0.309914065473286,6.0,583999.14,0.92150054,,,0.92150054,,9.4578577,16.9642504705473,,,-0.08,9.39378108,1103975.65,,,,,,,,,,,,,,,,,,,,,,,,,,,,,,,,,18.7824442224096,49.9264530973396,1.11536102052125,,,8.208297081,,,,,,,94.14,79.65812,,,,,,,,,,,,,,2.58,66.54,82.93,23.92,13.02,0.14,18.74,18.74,,7.34,0.46,100.0,219.9854397,3.7800196770802,21.0,12.1,,,,,16.19,7.0,0.66,6.0,,,,,,,,,,0.23559,4.28532,,,,,,,,,,,0.99840579,,,97.0174545208536,,,,,,,,,,,,,,,,,,,,,,,,,,,,,,,,,,,,,,,,,,,,,,,,,17.9951585816752,,,,,,,,,,,,,,,,,,,,,,,,,,,,,,,1.16192640054009,,51.5946960491935,,,,,,,,,2.75508996832278,,,,9.587,,,,,,,,,,,,,,,18.7303610148325,,,0.326188154131466,,,,,,
2002,8.61427155524919,,,,,,,,,7136.30218755848,,,,,,,,,,,,,20.2916,,,,,7135.86802692577,,,,,,,,,,,,,,,,,,,7135.86802692577,,,,0.307572589442979,65.0,606421.94,0.931036734,,,0.931036734,34.42252,9.4632029,16.9642504705473,,,-0.19,9.39378108,1103975.65,,,,,,,,,,,,,,,,,,,,,,,,,,,,,,,,,19.3771469104915,49.88411728009,1.2113671249437301,,,12.19214685,,,,,,,99.43,75.81021,,2.465234012782,,,,,,,,,,,,2.71,54.58,84.54,22.76,12.49,0.14,17.41,17.41,,4.89,0.25,100.0,226.0665378,3.7893870500919,22.0,12.42,,,,,16.28,8.0,0.61,10.0,,,,,,,,,,0.24571,4.36833,,,,,,,,,,,0.998939726,,,97.2231693839434,,,,,,,,,,,,,,,,,,,,,,,,,,,,,,,,,,,,,,,,,,,,,,,,,19.4746805489825,,,,,,,,,,,,,,,,,,,,,,,,385.76356,,,,,,,0.373202940555206,,52.7040628599415,,,,,,,,,2.97660723807903,,,,9.493,,,,,,,,,,,,,,,17.8390687899409,,,0.33951548894415,,,,,,
2003,,,,,,,,,,1125.71545743874,,,,,,,27.6932589928621,,,,,,,,,,388.8553279,1125.21507494694,,,,,,,,,,,1189212139.0,11.4802226,0.066438964,,10.0,,,,1125.21507494694,,,,0.306424752057912,98.0,606865.07,0.931036734,,,0.931036734,,9.4664499,16.9642504705473,,,-0.18,9.397028103,1881789.78,,,,,,,,,,,,,,,,,,,,,,,,,,,,,,,,,20.7987018182081,46.597817412463,1.9765290653650225,,,13.29932584,,,,,,,69.59,74.26223,,,,,,,,,,,,,,2.93,55.37,85.92,21.8,12.04,0.14,16.73,16.73,16.73,4.46,0.31,100.0,227.6130831,3.9741288391771,11.0,12.52,,,,,15.81,8.0,0.68,7.0,,,,,,,,,,0.25629,4.44743,,,,,,,,,,,0.999482456,,,97.4283766944669,,,,,,,,,,,,,,,,,,,,,,,,,,,,,,,,,,,,,,,,,,,,,,,,,20.5827067669173,,,,,,,,,,,,,,,,,,,,,,,,393.73388,,-0.202134,,,,,2.41814156509428,,53.6714686245161,1189212139.0,11.4802226,0.066438964,,,,,,3.41491199254075,,,,9.925,,,,,,,,,,,,21.4144524799421,37002.79,,17.511839734212,2.59911389329137,,0.335782728052942,,,66.221,,,71.0133282133184
2004,8.52633661851609,,,,,,,,,114.802452807471,,,,,,,26.5543148660439,,,,,,17.2567,,,,418.3318941,114.485326781711,,,,,,,,,,,1264243235.0,12.0437862,0.068199203,,10.0,,,,114.485326781711,,,,0.298486171386993,110.0,626816.97,0.931036734,,,0.931036734,,9.4664499,16.9642504705473,,,-0.13,9.397028103,5101458.636,,,,,,,,,,,,,,,,,,,,,,,,,,,,,,,,,20.3757643817673,42.9273615549339,2.2363955321326325,,,14.1423738,,,,,,,94.83,76.37483,,2.73390042999922,,,,,,,,,,,,3.0,52.62,87.24,20.99,11.42,0.14,16.12,16.12,16.12,3.64,0.16,100.0,225.7727165,3.9329662206824,14.0,12.43,,,,,14.68,3.0,0.65,10.0,,,,,,,,,,0.26684,4.49555,,,,,,,,,,,1.000034528,,,97.6333184748638,,,,,,,,,,,,,,,,,,,,,,,,,,,,,,,,,,,,,,,,,,,,,,,,,21.593045112782,,,,,,,,,,,,,,,,,,,,,14.535,354.337,,396.35176,,2.201268,,,,,4.46742316533535,,53.7353709202778,1264243235.0,12.0437862,0.068199203,,,,,,3.92489635585553,,,,9.843,,,,,,,,,,,,21.1965148523279,37432.44534,,17.4236478572673,,,0.33488222812749,,,67.901,,,
2005,9.36470619386236,,,,,,,,,771.594959565991,,,,,,,26.4136269568128,,,,,,,,,,501.3135926,771.111529689627,,,,,,,,,,,1220383405.0,11.47290146,0.064470771,,10.0,,13.6,,771.111529689627,,,,0.290760418639847,75.0,636926.16,1.093088117,,774134.0,1.093088117,,9.8368206,16.9642504705473,,,-0.17,9.767398781,5251233.186,,,,,,,,,,,,,,,,,,,,,,,,,,,,,,,,,20.6306960321302,41.3945814352356,2.35587763731146,,,17.75341131,,,,,,,100.48,73.74661,,2.98679559289855,,,,,,,,,,,,3.21,52.91,87.84,20.3,11.13,0.15,16.83,16.83,16.83,3.2,0.16,100.0,228.933365,4.0759209984494,6.0,12.59,,,,,14.57,2.0,0.7,7.0,,,,,,,,,,0.2768,4.37149,,,,,,,,,,,1.000242229,,,97.7878765636134,,,,,,,,,,,,,,,,,,,,,,,,,,,,,,,,,,,,,,,,,,,,,,,,,23.1672932330827,,,,,,-16.6947155839785,-0.440140845070423,-6.90489484459334,0.233254852052179,0.0397072860324531,,,,,,,,,,,14.992,374.761,,420.37807,,0.768932,,,,,3.97628338912963,,53.9369710786005,1220383405.0,11.47290146,0.064470771,,,,,,3.55789847544953,,,,9.614,,,,,,,,,,,,21.2163254867774,37755.52961,,16.7764125624133,,,0.333240940344688,,,66.541,,,
2006,6.63677998339761,,,,,,,,,504.797455284707,,,37.1262472366751,,,,25.800530114445,,,,,,14.5601,,,,572.8427327,504.144371933846,,,,,,,,,,,1242905430.0,11.52058199,0.06265022,,10.0,,14.6,,504.144371933846,,,,0.267082524936961,84.0,653275.45,1.093088117,,,1.093088117,,9.8368206,16.9642504705473,,,-0.1,9.767398781,5263912.452,,,,,,,,,,,,,,,,,,,,,,,,,,,,,,,,,21.480143736043,39.4674402613635,2.5071605756631623,16.6069728890499,,19.7693054,,,,,,,81.73,71.14894,,1.82879925405385,,,15.4,9.5,2.0,7.5,,17.25778,17.5,,,3.32,49.6,88.15,19.74,10.87,0.15,15.2,15.2,15.2,2.75,0.13,100.0,226.6362382,3.9820675004583,8.0,12.97,,,,,13.54,7.0,0.65,9.0,,,,,2.26,,,34.8,,0.28678,4.58263,,,,,,,,,,,1.000498761,,,97.9405784255673,,,,,,,,,,,,,,,,,,,,,,,,,,,,,,,,,,,,,,,,,,,,,,,,,24.0235294117647,,,,,,,,,,,,,,,,,,,,,13.963,360.929,,406.07413,,3.333567,,,,3.2872544,7.37436911741707,52.9721270391436,52.9688114211199,1242905430.0,11.52058199,0.06265022,,,,,3.56057335991086,3.56595537366267,,,,9.43,,,,,,,,,,,,21.2762231312774,39124.27972,16.7226867083772,16.7838457892732,,,0.326124590438265,,,70.892,,,
2007,,,,,,,,,,2787.30376571123,,,38.0668906593115,,,,25.5582959978799,,,,,,,,,,699.0485664,2786.83376637032,,,,,,,,,,,1327683554.0,12.12068409,0.065561294,,10.0,,25.1,,2786.83376637032,,,,0.263148625441275,111.0,687425.94,1.231545128,1.00561832723985,,1.231545128,33.98448,10.0926188,12.9744953190235,,,-0.13,10.02319706,5317878.432,,,,,,,,,,,,,,,,,,,,,,,,,,,,,,,,,21.7988927986817,40.3894713115844,2.4211495524181,8.76585546447889,,21.88707436,,,,,,,92.1,69.78552,,,,,,,,,,,,,,3.24,46.45,88.6,19.32,10.54,0.15,15.82,15.82,15.82,2.3,0.05,100.0,231.4159196,4.0360533871744,5.0,11.65,,,,,13.63,8.0,0.66,7.0,,,,,,,,,,0.29701,4.6495,,,,,,,,,,,1.000753791,,,98.0939969750151,,,,,,,,,,,,,,,,,,,,,,,,,,,,,,,,,,,,,,,,,,,,,,,,,25.2777777777778,,,,,,,,,,,,,,,,,,,,,13.627,346.513,,399.59652,,0.537434,,,,-2.9600811,3.01411828964011,52.6635020913906,52.6843425475602,1327683554.0,12.12068409,0.065561294,,,,,3.64393372940428,3.6451557751959,,11.5250330252422,,9.176,,,,,,,,,,,,20.9114596251094,38660.18812,16.4783630374177,16.5183892362794,,,0.336187493017866,,,69.747,,,
2008,7.88517539010122,,49.0168798527,,,44.3580844763,,,,1349.982297687,,,42.270516153323,,,,25.7188892507124,,,,,,16.8289,,,,822.511377,1349.50610299651,,,,,,,,,,,1331735409.0,11.96786752,0.065146825,,10.0,,27.4,,1349.50610299651,,,,0.252816670736125,153.0,736252.57,1.231545128,1.31397136033668,,1.231545128,,10.1202603,12.9744953190235,,,-0.19,10.05083858,8118862.462,,,,,,,,,,,,,,,,,,,,,,,,,,,,,,,,,23.3414236442993,34.6219226159006,2.252979184846815,8.63774637850942,,23.05229042,11.5741257935058,,,,,,98.37,71.18083,,2.07992642768207,,21.7433435351,,,,,,,,,,3.26,47.19,89.11,18.98,10.54,0.15,16.36,16.36,16.36,2.12,0.09,100.0,236.5644891,4.2280519946053,10.0,12.56,,2.55246758388944,,,12.91,5.0,0.55,5.0,,,,,2.01,,,,,0.30706,4.65779,,,,,,,,,,,1.001006978,,,98.2480030107028,,,,,,,,,,,,,,,,,,,,,,,,,,,,,,,,,,,,,,,,,,,,,,,,,27.5316752698264,,,,,,,,,,,,,,,,,,,,,13.888,347.066,,407.87441,,-0.632605,,,,-1.9863377,4.33529019633443,52.9619868424292,52.9858582393072,1331735409.0,11.96786752,0.065146825,,,,,3.9097873929324,3.90360847201751,,,2.91352732959714,8.879,,,,,,,,,,,,20.3887729576409,37455.41471,15.9299401940976,15.9335308730888,1.98743025984397,27.8757293896815,0.356701407962105,,,70.006,,,73.0371339744614
2009,,,,,,,,,,493.58191979176,,,37.1043008247237,,,,26.7909649584932,,,,,,,,,,878.9931393,493.043163899272,,,,,,,,,,,1373428303.0,12.1509834,0.071700089,,10.0,,51.3,,493.043163899272,,,,0.253232444756782,108.0,721705.01,1.333809344,1.19491617881665,,1.333809344,,10.5931996,13.371224301991,,,-0.3,10.52377783,8382070.162,,,,,,,,,,,,,,,,,,,,,,,,,,,,,,,,,23.2942874121787,36.5683907058768,2.35790556510558,18.9879331463503,,27.5928637,10.4381265778022,,-3.454,-5.313,,,87.19,77.61129,,,,,,,,,,,,,,2.91,50.9,89.79,18.2,10.43,0.15,15.93,15.93,15.93,2.09,0.09,100.0,239.9964023,4.6264169227016,3.0,13.27,81.64172,3.00750087334614,,,12.43,6.0,0.52,4.0,,,,,,,,,,0.31676,4.52445,8.52571,,,,,,,,,,1.001259405,,,98.4027048859224,,,,,,,,,,,,,,,,,,,,,,,,,,,,,,,,,,,-11.21538815,,,,,,,,,,,,,,29.1851851851852,,,,,,,,,,,,,,,,,,,,,13.307,380.692,,434.09452,,-7.74961,,,,-6.9356227,-2.07657472902546,54.4374426522624,54.4848924635063,1373428303.0,12.1509834,0.071700089,,,,,5.38192552345543,5.3792135808381,,9.7969237344551,2.89597687770222,9.155,,,,,,,,,,,,19.4971642849139,33041.76089,15.0376986327951,15.0429131430682,,,0.37314370253907,,,65.278,,,
2010,7.93632548539157,,51.9979177797,,,46.1090930794,,,,1743.05047326257,,,37.6574000949831,,,,25.8856992602165,,,,,,15.2967,,,,949.457326,1742.58222469654,,,,,,,,,,,1378401682.0,12.01158086,0.068551787,,10.0,,54.8,10.85473861,1742.58222469654,,,,0.242009162877572,114.0,719697.3,1.333809344,0.99418165055686,764774.0,1.333809344,,10.6613406,13.371224301991,,,-0.22,10.59191878,8579802.078,22.4450022285969,,,,,,,,,,,,,,,,,,23.9933700598287,,,,32.7824010079548,,,,,,,,,,22.2890332438221,37.8057724237574,1.9904676927198075,10.6235074317057,,32.72118982,11.2184739399654,,-0.682,-0.187,,,95.25,80.56911,,2.58491252059151,,24.8296966229,,,,,,,,,,3.19,42.09,90.89,17.85,10.09,0.15,16.42,16.42,16.42,2.3,0.08,100.0,240.7763016,4.4009305392236,3.0,12.59,,3.02465831688267,78.51,,12.41,1.0,0.51,5.0,,,,,1.95,1.72466116104531,,,,0.32594,4.23246,,,,,,,,,,,1.001269465,,,98.5144886839238,,,,,,,,,,,,,,,,,,,,,,,,,,,,,,,,,,,,,,,,,,,,,,,,,35.0838156779466,,,,,,-6.22685964321777,14.0845070422535,-3.18257956448911,0.299790009545021,0.0409799554565702,,,,,,,,,,,13.636,344.331,,411.34224,700.0,3.392648,,,,0.0298085,4.76067291767144,54.429580408012,54.4998996215804,1378401682.0,12.01158086,0.068551787,,,,,5.33434224266412,5.32899337857882,,,2.82836031422399,8.867,,,,,,,,,97.7362639952777,3262588527.0,848014945.22,19.9611753024348,34975.7874,15.3838832537146,15.3637205457083,,,0.354483110374622,,,67.177,,,
2011,,,,,,,,,,1534.72768725286,,,38.4492022070094,,,,25.4286379717673,,,,,,,,,,1123.635373,1534.36030355254,,,,,,,,,,,1376867310.0,11.82406593,0.066195669,,10.0,,52.1,,1534.36030355254,,,,0.233116452032308,165.0,737876.95,1.333809344,1.11861719518177,,1.333809344,33.78628,10.6613406,13.371224301991,,,-0.28,10.59191878,8588171.628,23.3695944340982,,,,,,,,,,,,,,,,,,24.3168340566958,37.3659531684157,,,30.7818941427109,,,,,,,,,,22.481628149217,35.6359558535311,1.9139518668536852,7.41470289798025,,36.91628965,10.917817122193,,-1.287,4.744,,,61.61,81.42387,,,,,,,,,,,,,,3.19,42.75,94.58,17.4,9.51,0.15,16.3,16.3,16.3,1.05,0.16,100.0,234.6556657,4.9511364782504,2.0,11.13,,3.26861078802231,78.12,,11.81,4.0,0.58,6.0,,,,,,1.79629568982164,,,,0.33471,4.32475,,,,,,,,,,,1.001280429,,,98.6260165170591,,,,,,,,,,,,,,,,,24.6639112403476,28.0923210186621,15.1845945555154,19.3761289746537,,,,,,,,,,,,,,,,,,,,,,,,,,,,,36.3116511794139,,,,,,,,,,,,,,,,,,,,,13.079,338.156,,415.30188,325.0,1.942639,,,27.4293839931488,1.2962624,7.40571496797486,54.4329454533966,54.5125896307135,1376867310.0,11.82406593,0.066195669,,,,,5.19988076635408,5.19454211362274,,9.5209356024291,2.86883332388184,8.609,,,,,,,,,,3369140147.0,877490325.02,19.9388107455407,35615.2926,15.3106516541911,15.2998111978131,,,0.351337191335622,,,66.602,,,
2012,6.5437330986196,,51.6413926155,,,45.4792025356,,,,877.397778911135,,,38.2985982905102,,,,25.3854890655647,,,,,,17.0635,,,,1077.766074,876.865544786559,62.28,,,,,,,,,,1377003750.0,11.66354188,0.063930639,3.59,10.0,17.7,53.2,16.31411619,876.865544786559,,,,0.222348529667067,115.0,722401.9,1.3443776,1.32856260544422,,1.3443776,33.78628,10.6649309,13.371224301991,,,-0.33,10.59550911,8636259.578,21.9946526744751,,,,,,,,,,,,,,,,,,27.3374484622931,,,,49.5165413735332,,,,,,,,,,22.4902446325229,33.5290138475942,1.859270951035445,8.81780304856682,,39.5322742,12.868580611859,,2.189,0.961,,,78.97,85.38659,,1.79792152971986,,23.3169486569,13.6,10.6,1.6,9.0,,12.27162,15.3,,,3.3,42.07,94.49,16.8,9.18,0.16,16.68,16.68,16.68,0.95,0.16,100.0,238.6573575,4.7367924603331,9.0,11.93,,3.18831369058166,77.32,,11.25,2.0,0.47,2.0,47.31,,,,1.44,1.86786210321273,,34.4,,0.34371,4.2114,,,,,,88.4668102604269,33.5460708211459,1.004786916,,,1.001290465,2.094316692,,98.737799651934,,,,,,,,,73.3304432835095,82.8928089102561,70.7796235950646,,,,,,,,,,,,,,,,,,,,,,,,,,2.5,,,,,,,,,,,,36.5342960288809,,,,,,,,,,,,,,,,,,53.1015404760427,6.60449958368519,,12.696,324.757,,409.24806,282.352941176471,2.137246,,,,-2.1174667,1.91797611726297,54.586623292496,54.6564933664359,1377003750.0,11.66354188,0.063930639,,,,,4.92826707587658,4.92308010788606,,,2.76841126776234,8.646,,,,,,,,,,3473858654.0,893825923.45,20.1807428153052,36817.86143,15.3049369560919,15.2812309279452,,,0.332166241144939,0.291833555547501,157.0,68.931,,,
2013,,,,,,,,,,2677.33228474538,,,37.8141369581104,,,,26.1727029514597,,,,,,,,,,989.6537581,2676.79003236306,,,,,,,,,,,1415010212.0,11.83142114,0.065140118,,10.0,,50.3,,2676.79003236306,,,,0.216539909622842,105.0,735453.19,1.3443776,1.07704221460064,,1.3443776,33.78628,10.6649309,13.2897702944146,,,-0.26,10.59550911,8643581.516,19.28382307566,,,,,,,,,,,,62.0029988517803,79.2770622238997,,,,,28.2239846860961,33.6342429825453,,,51.584235331941,,21.8373943954476,40.105966052721,57.618176314679,,35.3289371499108,67.3285912543855,,,23.5786598380868,37.3774825427387,1.73866358470605,8.94931507158444,,43.81374503,12.0270000691173,,3.381,-1.684,,,91.31,84.6155,,,,,,,,,,,,,,3.48,38.08,94.88,16.52,8.59,0.16,16.47,16.47,16.47,0.7,0.06,100.0,243.8232317,4.9715531174994,14.0,10.64,,2.92632997027938,76.13,,11.82,6.0,0.5,3.0,48.39,,,,,1.93877593115044,,,,0.35256,4.15978,,,,,,88.037087490302,34.5759606683006,1.002599388,0.9841451209238,,1.001300939,2.137374241,,98.8498196708521,,,,,,,,,74.1321979626665,83.527086480659,72.6496110225654,,,,,,,,,,,,,,,,,,,,,,,,,0.48,2.5,,,,,,,,,,,,37.8286337011306,,,,,,,,,,,,,,,,,,51.8616278710576,6.5076036483331,,12.879,331.802,,413.78316,107.692307692308,-0.444109,15.0730387,49.50097164,,-0.5677395,1.48507136497573,53.7467328314483,53.8117234939626,1415010212.0,11.83142114,0.065140118,,,,,4.95024343967315,4.94288088595214,,7.7815071570223,2.59419553441201,8.995,,,,,,,,,,3507751305.0,903395824.59,19.9174106824832,36176.0588,15.6890026511254,15.6636866983141,2.77951273709,15.6416260028849,0.335310145892708,0.310084772185878,165.0,67.177,,,71.1556417445428
2014,6.44992817392299,,53.2382785405,,,46.1675384208,,,,1179.91746853219,,,38.0695839094534,,,,25.834845457648,,,,,,13.0458,,,,1020.114267,1179.51233360479,65.11,,,,,,367.9099099,418.4727085,370.2537743,275.9829864,2220732076.0,18.34578841,0.099734478,2.0,10.0,22.34,48.1,10.38266671,1179.51233360479,,,,0.201837417054677,85.0,734998.19,1.3443776,0.66248708900118,,1.3443776,33.7105,10.6649309,13.2897702944146,,,-0.35,10.59550911,8643581.516,16.5305499929599,,,,,,,,,,,103.386059497523,,,,92.95404300668,92.954043007,,28.2003053075555,,,,50.4129441587697,,,,,,,,,,23.0781876909572,39.9248164711745,1.789196361562485,9.23534053508136,2.5,44.51892598,12.6491030308596,,-1.489,5.462,,,83.25,91.19248,,1.80967704185581,,23.3507375499,,,,,,,,,,3.72,38.91,95.15,15.87,8.57,0.16,16.63,16.63,16.63,0.41,0.09,100.0,249.9569272,5.2669576714281,12.0,9.97,81.5514328314735,2.52291223362787,74.5,,10.3,1.0,0.41,7.0,49.97,,,,1.59,2.00968795644725,,,,0.36077,3.97113,10.9062,44.0477960424507,12.9068610718566,,,88.6863382999227,35.3196222918944,1.004070226,0.9853299504175,,1.001265935,2.478725867,,98.9610258106105,,,,,,,,,75.82833523,84.4045371911764,74.8312316902306,,,,,,,,,,3.719905530896,3.719905530896,22.90355785,,18.21582648,,,7.33496332518337,,,,,,,-9.576520162,,2.5,,,61.34591182,62.55,61.42,33.22,66.9279920810174,66.927992,66.9279920810174,84.946972599741,84.946972599741,40.1954101340604,,,,,,,,,,,,,,,,,59.7324667945754,54.7665213288227,6.59253069806696,,13.594,305.943,,388.50794,114.814814814815,1.275101,14.94436562,51.1985065,39.1408443450927,0.0294217,4.8662940731335,52.6284981473599,52.7135511210153,2220732076.0,18.34578841,0.099734478,,,,,4.84112116624238,4.83136733937465,,,2.46656226688951,8.917,39.2,,,,,,,,,3585408132.0,914045411.75,20.2025640201767,37161.8692356006,16.0132667538003,15.9633973704742,,,0.326917463379505,0.338865864682142,176.0,67.132,,,
2015,,,,,,,,,,2363.50458866236,,,37.9967822451216,,,,25.7722746699001,,,,,,,,,,962.5159171,2363.09634382033,,,,,27.5345168245507,,,,,,2507931165.0,20.4949098,0.109669155,,10.0,,,,2363.09634382033,,,,0.201988956889743,127.0,745778.83,1.3443776,0.23633057519426,775555.0,1.3443776,33.7105,10.6695768,12.4275342089486,,,-0.3,10.60015504,8643581.516,16.9667861391442,9.03425944218948,7.42012899740162,0.56336442400607,,11.411125004974,11.4869199271608,14.8037414114322,,12.5904289009923,4.86276602343629,108.002935320616,61.0119107370896,78.0202803537902,,,,,28.201782480658,35.484960079226,,,48.345605308302,,20.6664200773813,37.9733712261863,51.687896992738,40.3699791267053,33.0346557201774,60.9694623411736,,124.576099553315,23.3910417022577,48.258603859585,2.094109838223205,9.22009240865911,2.5,57.81607649,11.8836244009489,,2.102,7.668,0.181027660026225,,81.1,96.25812,,,,,,,,,,,,,,3.79,35.21,95.31,16.09,8.73,0.16,16.8,16.8,16.8,0.54,0.09,100.0,253.4126135,5.2823372158375,7.0,9.6,,2.18673150257427,72.38,50.44,10.42,4.0,0.52,3.0,51.74,,,,,2.082176028913,,,,0.36934,3.88254,,,,,,91.9236958619275,36.2125296440457,1.003209331,0.9931408827993,0.9954680002255,1.001374587,1.76739372,,98.9857510221615,,,,,,,,,77.2554933,85.6662196757284,76.5992701498126,,,34.5145700423124,,,,,,,,,,,,39.8,3.125,,,,,,,,,0.45,2.5,,,,,,,,,,,,43.1357612909042,,1.80331278228654,46.3819091287868,,,4.81319421070347,-3.08098591549296,-2.34505862646566,0.2943429844098,0.0406236080178174,0.231132849451645,,,,,,,55.4156466919285,6.67215005524388,,12.717,280.002,,372.95831,96.551724137931,1.59456,14.11650819,53.63307332,,-3.1911602,0.196169092010701,52.8892688173596,52.9783840327668,2507931165.0,20.4949098,0.109669155,,,,,4.33346411480029,4.33567260419323,,7.5399331389413,2.46532235913356,8.838,,,68.38713423,68.38713423,68.38713423,68.38713423,,,,3700056827.0,934781032.48,20.3470746318268,38024.4980877022,16.1007645122004,16.0357606080974,,,0.322984463375634,0.328762775929027,191.0,68.976,,,
2016,5.80182102834475,50.7833219263,,50.78332193,43.2314482601,,45.885240859,70.22,,4470.03822791218,,,36.2254919654614,,17.3654464138,,25.105542326725,,9.2618072,,0.449023614106494,0.49942761245849,13.22881894,,,,1084.404548,4469.6333976685,68.01,,,,,,,,,,2410396317.0,19.50357545,0.103568319,3.16,10.0,24.32,,14.99729842,4469.6333976685,,,,0.20413547965447,75.0,785540.39,17.35452053,0.36942483842766,,17.35452053,33.7105,10.8770817,13.1952786790196,,,-0.36,10.80765989,8643581.516,19.8717657374266,8.8563063955336,7.81210604283407,0.70087756945379,,12.6138678004311,12.761396793879,13.5892371820587,34.5203102405679,,,116.185963954898,,,,,,,28.7882807829826,,55.5038937867791,49.9254385312103,49.4125635213809,53.7420130415908,,,,,,,,106.119704477479,24.8200417536204,50.7876322790795,2.48684870484394,11.1669169649545,2.5,59.87846286,12.4568838215811,,1.342,-0.947,0.162126867377265,43.2314482601,91.92,89.4378,54.1147591412,1.67090753563019,19.9667637856,,,,,,,,,19.9667637856,21.9052824598,3.81,37.77,94.9,15.76,8.39,0.16,17.14,17.14,17.14,0.42,0.07,100.0,264.238095,5.1729547851726,18.0,9.46,,2.01298787650436,69.85,49.75,10.72,4.0,0.45,5.0,52.82,15.5525538647,93.89321,86.74605,1.49,2.15360890831337,,,,0.37816,3.74472,,,,97.75227956,,91.6468960232356,36.905576424104,1.001844162,1.0069697993838,1.0087844762537,1.001482454,1.696987018,0.984798827,99.0102281182292,,,,,,,,,77.61033094,86.4588929745118,78.2694638284564,15.3633413595351,17.4033411142911,36.2315528081287,,,23.8736238200721,27.4092807381556,22.2025648932707,28.00517362213,,,,,,42.4,3.125,11.6269343370974,,41.7699115044248,,,,0.908877526851159,,,2.5,20.53746571,10.6807989331763,,,,,65.5018680506628,65.501868,65.5018680506628,86.2716993076459,86.2716993076459,44.6998640093678,,3.95084105704313,45.8698991206403,,,,,,,,6.11019896839081,,,,,58.815600410826,58.8598168241402,55.2570887977515,7.24845022092524,99.5060541916566,12.326,253.789,,392.72561,114.035087719298,0.768732,14.19364987,55.27155646,,-1.6969055,4.82642705864142,52.4256837719926,52.534144491009,2410396317.0,19.50357545,0.103568319,30.0366228829783,30.0366228829783,30.0366228829783,30.0366228829783,3.87842540394456,3.88451523317012,,,2.37294486598786,8.452,,,,,,,,0.92,,3776803166.0,955445995.88,20.1744276483545,37991.6826962799,16.3978003773993,16.3033531227667,,,0.334279455307821,0.290168797329144,204.0,68.617,,,
2017,,,,,,,,,,16051.2084616501,,,38.8347130357698,,,20.176078091443,24.6247087418903,,,40.6,,,,,,,1036.284716,16050.5014430596,,,,,,,,,,,2851898201.0,22.85592914,0.120287034,,10.0,,,,16050.5014430596,,,,0.188723475696061,27.0,757106.36,22.05091342,0.67531216779788,,22.05091342,33.7105,10.8849815,13.1952786790196,99.0709392961184,,-0.09,10.81555972,8643581.516,25.7090295330623,9.72099857525486,7.76865103450964,0.913785538284006,,13.3957299144328,13.8161503641381,13.639814673547,32.8964898986147,14.6352683957965,5.41381496250043,110.03991365906,66.7482664598285,82.0549057856445,,,,20.176078091443,29.7461635134444,33.7328872235682,56.3604907652168,53.3679022617507,48.0436722255508,55.1274903131194,23.7061380119175,37.9512086634107,53.8395881105277,43.734268209305,35.8758591307586,65.0342245291083,,99.9494758115448,22.7299340215242,55.0888694417484,2.5923288009661203,9.96785301045663,2.5,63.43735806,12.4133137199966,,1.18,1.966,0.143871122222467,,92.69,83.74689,,,,,,,,,,,,,,4.07,35.56,94.94,16.01,8.63,0.16,17.39,17.39,17.39,0.44,0.05,100.0,262.5430602,5.2772562485443,8.0,8.37,,2.02690528028055,67.97,4203.58,10.1,3.0,0.4,6.0,53.46,,,,,,,,34.77,0.38622,3.74748,,,,,,92.1545558171494,37.3018197539037,1.005967955,1.0204148966682,1.0289212349326,1.001589692,1.723544686,0.988509495,99.0344449092247,,,,,,,,,77.9801220223974,87.5402435610302,79.5418697234689,15.8685280185652,,37.3004558603977,,,,,,,,,,,,42.6,3.125,,,41.8521816562778,,,,,,0.48,2.5,24.37425912,,,,,,,,,,,48.3986677113665,,2.14652211354115,46.3541821784404,,,,,,,,2.46001886038688,,,,,,,55.2561649650509,7.250467108295,,12.379,233.503,,390.13473,86.4754098360656,0.90037,14.19987406,56.28553895,36.9319200515747,-4.9966982,1.78077831397228,52.0784966836562,52.1772708773974,2851898201.0,22.85592914,0.120287034,31.37,31.37,31.37,31.37,3.43760772823812,3.43795218996232,6.845706235,7.0521897681494,2.14484487774277,8.487,,,,,,,,0.96,,3865589551.0,982358861.49,20.3121023546775,38595.3461503359,16.7120425340968,16.6052991685059,,,0.316260083824977,0.242879100751918,218.0,68.321,,4.84364292155095,
2018,5.69459674371915,49.8843391449,,49.88433914,41.9059105108,,46.537495443,70.93,,840.37198074963,,3.84474170182281,38.6506023110417,-1.247399163,16.8981196081,,24.7121049035154,-4.168367282,10.2597881,,0.426118842028812,0.475188460797805,13.14016954,,,6.75675675675676,1006.768307,839.970190880823,66.44,,,,,,,,,,2890278093.0,22.93947512,0.119548228,2.65,10.0,23.45,,12.05552478,839.970190880823,1697.0,9.807,25.64,0.180636503223342,127.0,762172.23,22.05091342,0.33495554011388,,22.05091342,34.17299,10.8849815,13.1938020816221,,,-0.17,10.81555972,8643581.516,29.1160441228906,9.24804236752022,7.99938927861231,0.903274602613662,,11.9267503783197,12.1833162084063,15.3971876275527,35.4188527011746,,,109.435650723125,,,,94.120985263058,94.120985263,,28.2685699603472,,54.2804616177854,53.1069555328025,49.0204196351245,55.0712868035051,,,,,,,46.5423182833688,94.4696849351337,21.16,54.788723032462,2.7399979974609976,8.94303913610665,2.5,65.21702484,11.8354288796992,,1.028,0.296,0.147525898394728,41.9059105108,68.06,89.80164,53.4625045573,1.36191911555507,20.3088112002,,14.2,7.69,1.42,6.28,,18.12554,16.1,20.3088112002,22.2291240493,3.83,35.22,93.92,15.58,8.64,0.16,17.57,17.57,17.57,0.58,0.1,100.0,260.368762,5.4241757716367,7.0,7.49,83.1444857639564,1.87256867021408,66.77,49.1,9.3,2.0,0.38,4.0,53.82,16.1931730381,92.88264,85.99081,1.59,,35.5,35.5,26.28,0.39413,3.94854,11.0622,41.696829648482,12.2479403515813,97.89028547,,91.4256136091669,37.4356432617214,1.001784108,1.032295320772,1.0451095633321,1.001695895,2.179675846,0.987822112,99.0583982547671,95.6163094855674,38.2921848469552,54.3033821302373,25.1652058189161,13.1430407048782,78.5461887935386,94.4828140057822,72.3257308062962,79.2265833435514,88.593857060954,81.3560741127451,16.2645308360439,,38.4502152225619,,,,,,,3.630203510972,3.630203510972,,,,48.2,6.25,21.2184003315375,45.0115493958778,49.0566037735849,,,,0.901265950800158,,,2.5,24.63199865,,,,,,64.4241896290716,64.42419,64.4241896290716,86.5805365803783,86.5805365803783,49.6195472701407,,1.36646860360467,47.0719285578051,49.0,,,,,,,0.246291847593583,,,,,57.6110035329687,57.6858233462004,55.7556431080845,7.42450756270599,99.5361594170604,12.751,202.474,22.4739873693158,382.05667,51.4285714285714,0.985791,14.03056769,59.55944302,,-4.7467939,0.407129848812149,51.9474732290766,52.0626212999835,2890278093.0,22.93947512,0.119548228,33.0,33.0,33.0,33.0,3.29212064398129,3.30073669808087,6.708900367,,2.11828238029772,8.54,38.5,,68.32160488,68.32160488,68.32160488,68.32160488,0.100767434,0.9,,3946731146.0,1001778849.34,20.189365696317,38740.3026647907,16.7611569933752,16.6426995587375,2.39484231275974,9.1891739488231,0.312218997328932,0.23142252705741,227.0,68.684,93.5073315033706,5.51756638371145,67.8816516920567
2019,,,,,,,,,,3531.42798283467,,3.64675393729141,40.9404042698273,,,,25.306552258628,,,,,,,,0.52492284538247,18.9189189189189,853.2916436,3530.94132519766,,,,,,,385.3915195,412.608326,395.4339158,262.3962423,5106473164.0,40.14028558,0.212047597,,10.0,,,,3530.94132519766,1858.0,13.615,,0.179730838065241,76.0,759501.32,22.05091342,0.43627416779558,,22.05091342,34.17299,10.8849815,13.0680399373216,,,-0.23,10.81555972,8643581.516,28.8179916457773,7.98036275658823,7.31599156901919,1.41092723788893,,12.5176536622311,13.3925144361738,16.2524167617262,35.7259626266945,15.7316755870718,4.00493470335157,103.380136117954,68.1710559827479,79.8367136035304,,,,,24.8490409899977,30.4620282647029,57.9369254275852,54.7883610509385,47.6812122877509,55.1257610836767,25.111836427875,39.7128956063563,55.998727115129,46.1661161005683,38.1722228859445,66.3991466097559,52.2983284883721,93.7206048622333,21.44,55.2879616925039,2.8542648999498224,11.9251800208104,2.5,70.04847363,12.2706469190394,,-0.724,0.378,0.207769420617607,,97.42,79.71221,,,,,,,,,,,,,,3.85,35.56,92.98,16.25,8.84,0.16,19.22,19.22,19.22,0.63,0.1,100.0,265.4945219,5.6976864904259,11.0,6.8,,1.77689434470644,65.11,49.68,9.28,6.0,0.45,2.0,53.73,,,,,,,,128.15,0.40207,4.12921,,,,,,91.9021511959205,37.3734570198895,1.002478222,1.0492729554592,1.0688682111775,1.001802078,1.56792333,0.986934752,99.0820993426513,94.5847546198992,36.162124292228,53.6953450711505,25.6107225304069,13.2825689970024,79.7390575290861,90.2835682045274,73.7759707817937,79.9329208203454,90.2846790619257,82.6589382240806,15.2319802722791,,40.1512303494288,,,,,,,,,23.45189532,24.43414814,18.49135627,48.2,6.25,,,49.5058400718778,,,,,-8.928411131,0.39,2.5,24.94601652,,63.26090919,65.0,63.39,35.54,,,,,,49.1049824697474,,-0.786611525260309,47.1506527686072,,,,,,,,0.09130281671057,,,,,,,55.6584628388676,7.73647844087804,,13.886,193.909,22.2284991294043,365.46105,56.1683599419448,-1.347801,13.92277779,62.38498206,,-5.6065699,-2.38971239688736,52.0309418031223,52.1409731572495,5106473164.0,40.14028558,0.212047597,34.69,34.69,34.69,34.69,3.49931786582389,3.50510717479942,7.257904612,7.074244902102,2.05044349527908,8.604,,6.5,,,,,-1.704908718,0.98,,3928948452.0,981621387.37,20.2598832214298,38351.648884187,16.7209492873453,16.5708111072974,,,0.311908814753408,0.211879471739687,240.0,67.913,93.3336169409405,4.60322929999016,
2020,5.86071423375204,52.7734610104,,52.77346101,43.9113547784,,47.952215102,75.6,0.747042434195653,1371.74633529914,,5.05557751523323,57.4092720034414,-3.500262481,17.224953409,,27.2613179147748,-5.820420818,10.9964055,,0.414796410452799,0.468052826853261,10.99972191,30.6746160364171,,27.027027027027,794.9656445,1371.43410988047,65.11,,,6.30960776416923,24.3728816833256,15.1713929975816,,,,,12821570398.0,101.4498598,0.580951894,3.02,10.0,20.03,,13.50371115,1371.43410988047,1235.0,11.193,33.33,0.170838997142305,103.0,,22.05091342,0.48554015528182,905086.0,22.05091342,34.17299,10.8849815,13.0684126019556,,,-0.18,10.81555972,8643581.516,28.6820357701403,6.59029793422473,6.59879984157378,1.19357301862407,,12.2774118238206,12.9374000511053,15.7245285981971,40.8715913503888,,,101.812036420268,,,65.69122972,,,,23.5197201126486,,57.575140913905,56.013548746894,52.5165423199824,56.9139916583294,,,,,,,55.7650273224044,101.512056855839,22.17,55.6940984073664,3.7650710687926177,12.029,2.5,72.29457996,10.8652640562258,,-12.285,-20.29,0.271342928940371,43.9113547784,80.49,77.62062,52.0477848983,1.31287944361608,20.743959207,,13.9,9.63,1.52,8.12,,,16.0,20.743959207,22.5420198974,3.9,55.23,91.97,13.65,6.89,0.16,13.06,13.06,13.06,0.48,0.08,100.0,340.6927236,6.1686039484418,7.0,5.98,,1.57742355579924,62.59,38.91,9.33,6.0,0.59,4.0,53.97,28.1508289527,93.79429,86.45543,2.61,,,38.2,44.81,0.41007,3.52705,,,,97.95882138,,93.3335721283427,36.7116125318041,1.001175759,1.077052945909,1.1103339256061,1.00175128,1.515150803,0.989248238,99.1060081237136,91.750500702134,32.3568682520316,50.5536499459011,25.0765441193398,13.0424273118626,78.3903865190267,88.3273095605332,77.1875503579733,80.8164464281017,90.93656226433,83.7044894810243,15.6527324325085,,40.3886073624139,95.036853,98.692417,,,,,,,,,,,6.25,23.0988206588044,47.4642108938547,49.3261455525606,,64.2140537730872,15.76767336,0.935098650444371,,,2.5,25.04236697,,,,,,64.3907761241372,64.390776,64.3907761241372,88.6780576805193,88.6780576805193,43.0949896919595,52.9013539651838,-8.22319193136981,44.8642848530115,42.0,38.567683230848,18.0747223157186,-10.387323943662,12.4139214591476,0.318160229080496,0.0419980909958638,0.175858848325179,,,,,58.4983671931026,58.76647046309,56.2053773980805,7.54073974800261,99.7062200337303,17.389,194.17,26.5704812620704,355.37399,43.1226765799257,-7.750467,13.00141718,63.15748521,,-4.588089,2.05785315680664,49.8456856114348,49.9239101150928,12821570398.0,101.4498598,0.580951894,37.52,37.52,37.52,37.52,4.46055382172076,4.46709719561079,8.677635727,,2.11478724410291,6.924,,6.5,,,,,-3.067032277,1.16,99.85,2362338411.0,900763162.2,20.2906732108528,35432.9846193394,16.5452651420142,16.427975488463,,,0.322105183999515,0.225210650049736,259.0,66.543,90.3875078777676,4.73934276121681,
2021,,,,,,,,,,276.531112085932,,4.67958343904303,,,,,27.146083328512,,,,,,,,,28.3783783783784,846.0366637,276.075190602125,,20.5242027072897,46.5334263625189,,,,,,,,14833247495.0,116.2341614,0.633768619,,10.0,,,,276.075190602125,1447.0,11.806,,0.156749310404455,98.0,,22.05091342,0.27097871660602,,22.05091342,34.17299,10.9415697,13.1286074668183,,96.0,-0.17,10.87214791,8643581.516,27.6780791915433,6.44365728040578,6.40993330251191,1.4451921488469,38.6214122019221,12.6035863781148,13.6307137575252,14.2090977926126,42.1270398649844,14.7010381553295,2.82668503705724,,71.2552700438341,83.0703989561407,,,,,24.2072659546739,24.6298016757635,58.6480220933721,57.6699050617414,48.2985797676547,60.0152671009454,25.1496013509022,40.8220769517608,53.7351811361777,45.6240993286618,40.4693909653832,70.4953879974683,54.8497267759563,106.686991976027,22.33,,3.9834119578384097,,2.5,76.31202664,12.2701815435564,,2.948,9.038,0.12303723909207,,60.82,88.41187,,,,,12.59,8.7,1.55,7.15,,,14.2,,,3.85,59.19,84.95,14.47,6.91,0.16,15.8,15.8,15.8,0.28,0.11,100.0,328.0584284,,,6.39,,1.66072418587596,61.85,38.94,8.56,4.0,0.39,8.0,55.48,,,,,,,37.5,10.32,0.41851,3.57799,,,,,81.52,91.745686633053,35.8354144267743,1.002108286,1.1156198712228,1.1580675093042,1.001692516,1.339542663,0.990067092,99.1346074280997,93.4414701067534,29.550851951765,48.2937907818588,26.1499619561458,12.3492656383298,80.8097576721773,91.3721150077241,81.6536395287173,81.175631594934,91.1478371416145,84.6980839301265,16.2052510202965,20.1902889740508,41.0152436489797,,,19.2640397378533,22.3388489446551,22.285223526516,29.5705060277355,,,,,,,21.875,,,,3.99732233849397,,,,,,2.5,25.24258936,10.311589136363,,,,,,,,,,39.9326198969481,,4.35405587510771,45.0625920712232,,,,,,,,0.087983421847048,,,,,,,56.4184943618533,7.7369947628558,,19.447,239.125,29.1374153373316,447.14945,31.6233766233766,5.024779,12.22653898,63.55675929,,-4.4926946,,51.4958822109487,,14833247495.0,116.2341614,0.633768619,39.93,39.93,39.93,39.93,4.11048976991945,,8.117188067,,1.89979151579657,7.795,,6.5,67.78282819,67.78282819,67.78282819,67.78282819,2.173444728,1.0,,3267132071.0,952135750.38,20.8102509583787,38166.3275103991,16.4831409626367,,,,0.303501273506234,0.211444137221064,273.0,66.982,39.2392192524284,5.97539165395813,
2022,,43.5294297649,,43.52942976,36.3141904843,,49.816227169,76.75,,202.40419587245,87.5,,,7.641485725,15.5610189180331,23.7227536200524,27.577601421509,11.02556049,11.8821764,33.8,0.401964471182752,0.459798233673363,,,,32.4324324324324,,202.023004441726,66.03,20.6102094636381,46.1560880314209,,,,,,,,24711594150.0,192.1853424,1.018065298,2.84,10.0,22.39,398.0,13.57350718,202.023004441726,1099.0,10.386,48.44,,91.0,,22.05091342,0.32288254540442,,22.05091342,34.17299,10.9498421,13.1286074668183,,,-0.21,10.88042029,8721911.0,25.6131473692796,5.78903801826966,6.57284913171173,1.36164993969417,38.5122058411315,14.1681766890301,15.5603720078109,17.2610349516345,39.0773939852351,,,,,,,,,23.7227536200524,22.586868775222,,56.1713345277536,55.9411876543847,51.9512762741468,58.2810253650439,,,,,,,66.5357643758766,106.966474358643,22.4,,4.0033559278614,,2.5,79.331103157,13.5632607909631,48.09,-0.087,9.268,0.156813029077148,36.3141904843,65.44,84.91083,50.1837728312,,16.234029047,,12.8,7.9,0.8,7.16,15.4,,13.9,16.234029047,18.18943193,3.9,38.21,89.24,15.26,7.88,0.16,18.51,18.51,18.51,0.19,0.22,100.0,277.4460098,,,6.54,,1.68614130532415,61.06,46.11,7.72,7.0,0.53,5.0,56.55,39.0912088798,93.21534,88.6754,1.9,,,36.2,20.72805162,0.42641,3.69727,,,,98.0281702101865,80.67,90.3340010876183,36.3520899860188,1.002478483,1.1083839951158,1.1638787654343,1.001640765,1.40402625,0.988373994,99.1619538255019,95.067880088123,38.0543732770453,46.3234021938475,25.9916721455183,12.386818459693,81.9347843639342,91.8659238497295,85.9256952374361,81.6890751917625,91.4212565928455,85.6931978214025,15.412136803255,,42.0980787708553,,,,,,,,,,,,,28.125,22.9327902240326,49.7093678186816,,,,,0.901237927083927,,0.65,2.5,,,,,,,61.0104252854697,61.010425,61.0104252854697,89.2434444804546,89.2434444804546,39.8617966436328,,8.01840706171357,44.992524679239,,,,,,,,0.061147535414614,,,,,55.5148484004634,55.8652161738158,56.5966897288205,7.76187151059972,99.5894955398611,20.435,254.557,31.1614285053905,432.62049,28.8110508140109,2.929905,12.3565594,66.32482471,48.9714741706848,2.2992346,,51.2609286361479,,24711594150.0,192.1853424,1.018065298,42.49,42.49,42.49,42.49,3.27360351413286,,6.938359006,7.5033921460166,2.10183981937507,8.673,,6.5,,,,,-4.556882559,0.96,,3838494099.0,965071784.5,21.1918659905113,40004.958738579,16.5003222954811,,,,,0.200948598746211,282.0,67.02,41.1690358230995,4.26068228349597,
2023,,,,,,,,,,947.968134329999,96.875,,,,,,28.5807475882949,,,,,,,,,,,,,20.5084134559611,46.8581904728854,,,,,,,,25400329851.0,196.4179997,1.014908604,,10.0,,,,,1348.0,8.585,,,59.0,,22.05091,0.31223901242139,,22.05091,,11.27570552,13.1286074668183,,,-0.19,11.20634916,8721911.0,24.594438644711,6.28982981275575,7.01531089691783,1.39589802376922,39.8296843517381,14.4834122349256,15.544113457671,16.9662863440063,37.2478803291976,13.9658428389365,3.54983493516436,,70.9518588431632,81.5786540852769,,93.854322160619,93.854322160619,,23.3229059440054,27.2234847922024,58.4296238071995,58.1479299413379,49.5850599504353,59.1148763956846,27.2233292919022,43.2853283674665,50.7360326665686,45.4164716164439,43.3790362543503,72.6458349696607,73.1136044880785,105.889423076923,22.16,,3.516662962485265,,2.5,81.8611089,14.2823532158979,73.08,-1.14,2.457,0.118985878292329,,66.83,75.68835,,,,,16.19,5.9080919,0.9,4.96,10.5,,17.2,,,,34.58,88.15,16.06,8.37,0.16,19.39,19.39,19.39,0.12,0.17,100.0,270.8791503,,,,82.4448125155288,1.55710435422703,60.26,46.76,7.38,,0.53,33.0,,,,,,,,34.13,120.8064917,,,12.18176,41.4325163051607,7.7318470857646,,79.52,92.4752181672812,37.0236276771498,1.0025938230981,1.108684069943,1.1748877376887,1.0015936583813,1.3693228728652,0.9902927923213,99.1860039277426,95.5275136848171,43.9112647651974,47.5401901469317,27.7153558052434,12.4897723998848,82.0847018150389,92.5854220685681,86.4811293575338,81.7913568672856,91.6452500585679,86.5013530229476,15.3383054766505,,43.8323562460023,,,,,,,3.740051358814,3.740051358814,,,,,28.125,,,,,,,,,,1.5,,,,,,,,,,,,40.1486261855872,56.8918918918919,-0.330924292604629,45.4832476244276,41.0,31.2429160311724,,,,,,0.078401558527951,70.0,70.0,25.0,10.0,,,55.8773895875827,8.11577030594535,,19.253,230.187,24.32,396.0294,27.8936805821524,2.520265,,,,-0.1048655,,51.2498532803877,,25400329851.0,196.4179997,1.014908604,47.51,47.51,47.51,47.51,2.78773732802441,,16.03763092,,1.91642694521867,8.542,,6.5,,,,,-0.924945031,0.96,,3969702820.0,1981003168.81,20.8445143596437,40340.9508734804,16.4848779870971,,2.16365512853335,7.6040364062963,,0.214646717039168,315.0,66.884,22.4790132186333,4.73109998716468,71.3000403033273
2024,,,,,,,,80.48,,602.558698879457,96.8,,,,,,29.80284385,10.61673495,12.5322901,,0.390521832,0.450230708722698,,,,,,,,,,,,,339.0776065,334.0495236,349.0008698,232.1125886,27821504915.0,213.9695049,1.0968367,,10.0,,,,,,,,,43.0,,22.474991095,0.2880291059656,,22.4749911,,,13.4735152704898,,,-0.11,11.71537023,8721911.0,25.3639373467353,6.09457639992075,7.74179092231411,1.56171597538013,41.3281937548468,13.1182659357345,14.5265774713288,14.453807143149,36.3343793422392,,,,,,,,,,24.1349420611221,,61.4710109216225,59.6823480398938,50.4387415668628,60.5252278313884,,,,,,,73.4113475177305,106.982789352769,,,3.5411826110427476,,2.5,83.76135826,14.4395221676637,80.43,-0.199,1.188,0.15712802529632,,,76.47879,,,,,15.06,8.3544396,,6.61,12.7,,16.57,,,,,,,,0.16,19.64,19.64,19.64,0.2,0.12,100.0,272.9152395,,,,,1.50138436846581,59.46,,,,,,,,,,1.83,,37.0,37.03,249.9032012,,,,,,97.6103596526361,81.16,92.22094363616,37.0723254337309,0.9977958749651,1.1193459225169,1.1877878526907,1.0014284735284,1.2830154825493,0.9344186856109,99.1990911629863,95.6080026814299,46.6545694108945,47.5953814680829,27.6903873048162,11.1811005420649,82.4158296829671,92.7705412558801,86.7569722957432,80.3315060776114,89.970119313789,86.8396481283118,,,,,,,,,,,,20.90850644,21.71703057,16.98847921,,,,,,,,,,-7.564062283,,,,,58.58476013,,,,,,,,,,,,,,,,,,,,,,,,,56.973926709597,,,,99.7166668850047,19.575,210.524,23.3962049928329,380.1177,33.2551732399006,0.798846,,,,-1.7629822,,50.7437827709804,,27821504915.0,213.9695049,1.0968367,53.03,53.03,53.03,53.03,2.69564813505654,,16.0244552,,1.76805361401876,8.659,,6.5,76.53974,76.53974,76.53974,76.53974,2.078206021,0.94,,4015215733.0,2045698221.25,20.5556169329045,40099.63541707,16.2410932078629,,,,,0.214718660281718,332.0,67.682,,3.91887709991158,
2025,,,,,,,,,,,,,,,,,,,,,,,,,,,,,,,,,,,,,,,,,,,,,,,,,,,,,,,0.28806781565386,,,,,,,,,,,,,,,40.3029151683857,,,,,,,,,,,,,,,,57.0523192329186,57.0119557772047,,55.8584043412748,,,,,,,,,,,3.36133848803674,,,,,,,,0.131641345664023,,,,,,,,,,,,,,,,,,,,,,,,,,,,,,,,,,,58.68646954,,,,,,,,,,,,,,,,,,,,,,,,,,,,,,,,,,,,,,,,,,,,,,,,,,,,,,,,,,,,,,,,,,,,,,,,,,,,,,,,,,,,,,,,,,,,,,,,,,,,,,,,,,,,,,,,,,,,,,,,,,,,,,,6.5,,,,,1.603877679,,,,,,,,,,,,0.20521874903853,,,,,
2026,,,,,,,,,,,,,,,,,,,,,,,,,,,,,,,,,,,,,,,,,,,,,,,,,,,,,,,,,,,,,,,,,,,,,,,,,,,,,,,,,,,,,,,,,,,,,,,,,,,,,,,,,,,,,,,,,,,,,,,,,,,,,,,,,,,,,,,,,,,,,,,,,,,,,,,,,,,,,,,,,,,,,,,,,,,,,,,,,,,,,,,,,,,,,,,,,,,,,,,,,,,,,,,,,,,,,,,,,,,,,,,,,,,,,,,,,,,,,,,,,,,,,,,,,,,,,,,,,,,,,,,,,,,,,,1.5,,,,,,,,,,,,,,,,,,,,,,
